Color Name,Hex (Web RGB),Crew Code(s),R,G,B,Color/Effect Family,Paint Chip,Preview Image,Notes,Group ID,Reference Sources
#002966,#002966,AA | EE,0,41,102,Blue,002966.png,,,Crew,
#00193D,#00193D,AA | FF,0,25,61,Blue,00193d.png,,,Crew,
#00638E,#00638E,AA | FF,0,99,142,Blue,00638e.png,,,Crew,
#041614,#041614,AA | FF,4,22,20,Black,041614.png,,,Crew,
#0D441E,#0D441E,AA | FF,13,68,30,Green,0d441e.png,,,Crew,
#0E0A19,#0E0A19,AA | FF,14,10,25,Black,0e0a19.png,,,Crew,
#027033,#027033,EE,2,112,51,Green,027033.png,,,Crew,
#0E1716,#0E1716,EE,14,23,22,Black,0e1716.png,,,Crew,
#57606F,#57606F,EE | FF,87,96,111,Gray,57606f.png,,,Crew,
#00418B,#004266,00,0,66,102,Blue,004266.png,,,Crew,
#0067BC,#006B73,00,0,107,115,Gray,006b73.png,,,Crew,
#0082FF,#00A6B2,00,0,166,178,Gray,00a6b2.png,,,Crew,
#00A6B2,#00BFDD,00,0,191,221,Blue,00bfdd.png,,,Crew,
#0290A5,#03020A,00,3,2,10,Black,03020a.png,,,Crew,
#17829E,#180005,00,24,0,5,Black,180005.png,,,Crew,
#4E7EC1,#4E86DE,00,78,134,222,Blue,4e86de.png,,,Crew,
#4E86DE,#4F3637,00,79,54,55,Gray,4f3637.png,,,Crew,
#538AF5,#54000B,00,84,0,11,Pink,54000b.png,,,Crew,
#5A98EC,#5B0705,00,91,7,5,Red,5b0705.png,,,Crew,
#5D4949,#5D5C57,00,93,92,87,Gray,5d5c57.png,,,Crew,
#6AD3A6,#6B4B0C,00,107,75,12,Red,6b4b0c.png,,,Crew,
#708D9C,#710603,00,113,6,3,Red,710603.png,,,Crew,
#7885A2,#799613,00,121,150,19,Green,799613.png,,,Crew,
#7B8B9A,#7C660F,00,124,102,15,Red,7c660f.png,,,Crew,
#80B00E,#80B23B,00,128,178,59,Green,80b23b.png,,,Crew,
#8D90A1,#8E2C00,00,142,44,0,Red,8e2c00.png,,,Crew,
#8EB290,#8F7D1C,00,143,125,28,Yellow,8f7d1c.png,,,Crew,
#9B9DA0,#9C6750,00,156,103,80,Red,9c6750.png,,,Crew,
#9CA7BE,#9D6D04,00,157,109,4,Red,9d6d04.png,,,Crew,
#A3A2A2,#A3BE98,00,163,190,152,Gray,a3be98.png,,,Crew,
#A6A39E,#A6A6A6,00,166,166,166,Gray,a6a6a6.png,,,Crew,
#A6A6A6,#A70A00,00,167,10,0,Red,a70a00.png,,,Crew,
#A7A5A0,#A8FF00,00,168,255,0,Green,a8ff00.png,,,Crew,
#AC9C57,#AE7223,00,174,114,35,Red,ae7223.png,,,Crew,
#AFA050,#B00307,00,176,3,7,Red,b00307.png,,,Crew,
#CCA284,#CCB666,00,204,182,102,Red,ccb666.png,,,Crew,
#CCC9BF,#CCCC47,00,204,204,71,Gray,cccc47.png,,,Crew,
#CCCCCC,#CE3C01,00,206,60,1,Red,ce3c01.png,,,Crew,
#D4A482,#D70903,00,215,9,3,Red,d70903.png,,,Crew,
#D9D6C5,#DA8A0F,00,218,138,15,Red,da8a0f.png,,,Crew,
#E6E1D2,#E7E0D2,00,231,224,210,White,e7e0d2.png,,,Crew,
#E7E0D2,#ECA42C,00,236,164,44,Red,eca42c.png,,,Crew,
#F2E1C1,#F3AA00,00,243,170,0,Red,f3aa00.png,,,Crew,
#FAE6BD,#FCD183,00,252,209,131,Red,fcd183.png,,,Crew,
#FCD183,#FDDCA9,00,253,220,169,Red,fddca9.png,,,Crew,
#FDDCA9,#FEC985,00,254,201,133,Red,fec985.png,,,Crew,
#FFDC81,#FFFFFF,00,255,255,255,White,ffffff.png,,,Crew,
#6897CC,#6897CC,00 | AA,104,151,204,Blue,6897cc.png,,,Crew,
#78C4FD,#78C4FD,00 | AA,120,196,253,Blue,78c4fd.png,,,Crew,
#C64F65,#C64F65,00 | AA,198,79,101,Pink,c64f65.png,,,Crew,
#0F1811,#0F1811,00 | AA | FF,15,24,17,Black,0f1811.png,,,Crew,
#133C38,#133C38,00 | AA | FF,19,60,56,Gray,133c38.png,,,Crew,
#243B62,#243B62,00 | AA | FF,36,59,98,Blue,243b62.png,,,Crew,
#4D0000,#4D0000,00 | AA | FF,77,0,0,Red,4d0000.png,,,Crew,
#615850,#615850,00 | AA | FF,97,88,80,Gray,615850.png,,,Crew,
#6B4E00,#6B4E00,00 | AA | FF,107,78,0,Red,6b4e00.png,,,Crew,
#6E5902,#6E5902,00 | AA | FF,110,89,2,Red,6e5902.png,,,Crew,
#1C908C,#1C908C,00 | FF,28,144,140,Gray,1c908c.png,,,Crew,
#000024,#000024,AA,0,0,36,Black,000024.png,,,Crew,
#000234,#000234,AA,0,2,52,Blue,000234.png,,,Crew,
#000721,#000721,AA,0,7,33,Black,000721.png,,,Crew,
#000722,#000722,AA,0,7,34,Black,000722.png,,,Crew,
#00072D,#00072D,AA,0,7,45,Blue,00072d.png,,,Crew,
#000815,#000815,AA,0,8,21,Black,000815.png,,,Crew,
#000A54,#000A54,AA,0,10,84,Blue,000a54.png,,,Crew,
#000E40,#000E40,AA,0,14,64,Blue,000e40.png,,,Crew,
#000F0B,#000F0B,AA,0,15,11,Black,000f0b.png,,,Crew,
#00100B,#00100B,AA,0,16,11,Black,00100b.png,,,Crew,
#001443,#001443,AA,0,20,67,Blue,001443.png,,,Crew,
#00144D,#00144D,AA,0,20,77,Blue,00144d.png,,,Crew,
#00147E,#00147E,AA,0,20,126,Blue,00147e.png,,,Crew,
#001B16,#001C17,AA,0,28,23,Black,001c17.png,,,Crew,
#001C4D,#001D21,AA,0,29,33,Black,001d21.png,,,Crew,
#001D21,#001D57,AA,0,29,87,Blue,001d57.png,,,Crew,
#001D57,#001E42,AA,0,30,66,Blue,001e42.png,,,Crew,
#001F61,#001F6C,AA,0,31,108,Blue,001f6c.png,,,Crew,
#00204D,#002114,AA,0,33,20,Black,002114.png,,,Crew,
#002124,#002321,AA,0,35,33,Black,002321.png,,,Crew,
#002322,#002336,AA,0,35,54,Gray,002336.png,,,Crew,
#002351,#00240B,AA,0,36,11,Black,00240b.png,,,Crew,
#00240B,#002473,AA,0,36,115,Blue,002473.png,,,Crew,
#00261A,#002765,AA,0,39,101,Blue,002765.png,,,Crew,
#002845,#002919,AA,0,41,25,Cyan,002919.png,,,Crew,
#0029B0,#002A17,AA,0,42,23,Cyan,002a17.png,,,Crew,
#002B46,#002E38,AA,0,46,56,Gray,002e38.png,,,Crew,
#002E44,#002F8C,AA,0,47,140,Blue,002f8c.png,,,Crew,
#003231,#003246,AA,0,50,70,Gray,003246.png,,,Crew,
#003357,#00337A,AA,0,51,122,Blue,00337a.png,,,Crew,
#003800,#003820,AA,0,56,32,Green,003820.png,,,Crew,
#003870,#003A3E,AA,0,58,62,Gray,003a3e.png,,,Crew,
#003B5C,#003C80,AA,0,60,128,Blue,003c80.png,,,Crew,
#003C80,#003D99,AA,0,61,153,Blue,003d99.png,,,Crew,
#00427D,#004350,AA,0,67,80,Gray,004350.png,,,Crew,
#004350,#004362,AA,0,67,98,Blue,004362.png,,,Crew,
#004362,#004562,AA,0,69,98,Blue,004562.png,,,Crew,
#004562,#004773,AA,0,71,115,Blue,004773.png,,,Crew,
#005206,#005437,AA,0,84,55,Green,005437.png,,,Crew,
#006620,#006630,AA,0,102,48,Green,006630.png,,,Crew,
#010E1A,#011526,AA,1,21,38,Black,011526.png,,,Crew,
#011833,#011A2E,AA,1,26,46,Gray,011a2e.png,,,Crew,
#011B4C,#011C56,AA,1,28,86,Blue,011c56.png,,,Crew,
#011C56,#011D21,AA,1,29,33,Black,011d21.png,,,Crew,
#020A1F,#020B0A,AA,2,11,10,Black,020b0a.png,,,Crew,
#021137,#02122F,AA,2,18,47,Blue,02122f.png,,,Crew,
#02122F,#021336,AA,2,19,54,Blue,021336.png,,,Crew,
#021359,#021466,AA,2,20,102,Blue,021466.png,,,Crew,
#021B20,#021D63,AA,2,29,99,Blue,021d63.png,,,Crew,
#021D63,#021F58,AA,2,31,88,Blue,021f58.png,,,Crew,
#021F58,#02225C,AA,2,34,92,Blue,02225c.png,,,Crew,
#02225C,#022443,AA,2,36,67,Blue,022443.png,,,Crew,
#02261C,#022634,AA,2,38,52,Gray,022634.png,,,Crew,
#022634,#02263B,AA,2,38,59,Blue,02263b.png,,,Crew,
#022C14,#02334E,AA,2,51,78,Blue,02334e.png,,,Crew,
#02334E,#023B70,AA,2,59,112,Blue,023b70.png,,,Crew,
#030530,#031030,AA,3,16,48,Blue,031030.png,,,Crew,
#031030,#031565,AA,3,21,101,Blue,031565.png,,,Crew,
#032187,#033066,AA,3,48,102,Blue,033066.png,,,Crew,
#034C58,#035471,AA,3,84,113,Blue,035471.png,,,Crew,
#035471,#040401,AA,4,4,1,Black,040401.png,,,Crew,
#040716,#04071A,AA,4,7,26,Black,04071a.png,,,Crew,
#040A14,#040A3B,AA,4,10,59,Blue,040a3b.png,,,Crew,
#040A3B,#040B17,AA,4,11,23,Black,040b17.png,,,Crew,
#040B17,#040E19,AA,4,14,25,Black,040e19.png,,,Crew,
#040E19,#041028,AA,4,16,40,Gray,041028.png,,,Crew,
#041028,#041B4E,AA,4,27,78,Blue,041b4e.png,,,Crew,
#041B4E,#042C34,AA,4,44,52,Gray,042c34.png,,,Crew,
#043362,#050617,AA,5,6,23,Black,050617.png,,,Crew,
#051151,#051210,AA,5,18,16,Black,051210.png,,,Crew,
#051210,#05140E,AA,5,20,14,Black,05140e.png,,,Crew,
#051A23,#051D20,AA,5,29,32,Black,051d20.png,,,Crew,
#052807,#052A43,AA,5,42,67,Blue,052a43.png,,,Crew,
#052A43,#053E4B,AA,5,62,75,Gray,053e4b.png,,,Crew,
#053E4B,#05662C,AA,5,102,44,Green,05662c.png,,,Crew,
#06020A,#060A15,AA,6,10,21,Black,060a15.png,,,Crew,
#060F03,#061204,AA,6,18,4,Black,061204.png,,,Crew,
#061204,#061510,AA,6,21,16,Black,061510.png,,,Crew,
#062F1B,#06441D,AA,6,68,29,Green,06441d.png,,,Crew,
#07073F,#070B18,AA,7,11,24,Black,070b18.png,,,Crew,
#070C17,#070C24,AA,7,12,36,Black,070c24.png,,,Crew,
#071C7E,#07245A,AA,7,36,90,Blue,07245a.png,,,Crew,
#07245A,#07274B,AA,7,39,75,Blue,07274b.png,,,Crew,
#07274B,#072D8C,AA,7,45,140,Blue,072d8c.png,,,Crew,
#081936,#081A21,AA,8,26,33,Black,081a21.png,,,Crew,
#081C2C,#082651,AA,8,38,81,Blue,082651.png,,,Crew,
#082651,#08283F,AA,8,40,63,Blue,08283f.png,,,Crew,
#08283F,#082D23,AA,8,45,35,Gray,082d23.png,,,Crew,
#083E59,#086182,AA,8,97,130,Blue,086182.png,,,Crew,
#086182,#09031D,AA,9,3,29,Black,09031d.png,,,Crew,
#091228,#092B5F,AA,9,43,95,Blue,092b5f.png,,,Crew,
#092B5F,#09307F,AA,9,48,127,Blue,09307f.png,,,Crew,
#094513,#0A100D,AA,10,16,13,Black,0a100d.png,,,Crew,
#0A100D,#0A1410,AA,10,20,16,Black,0a1410.png,,,Crew,
#0A1E1C,#0A1E38,AA,10,30,56,Blue,0a1e38.png,,,Crew,
#0A235C,#0A2E14,AA,10,46,20,Gray,0a2e14.png,,,Crew,
#0A504E,#0A5D11,AA,10,93,17,Green,0a5d11.png,,,Crew,
#0A5D11,#0A662F,AA,10,102,47,Green,0a662f.png,,,Crew,
#0B0203,#0B0319,AA,11,3,25,Black,0b0319.png,,,Crew,
#0B0609,#0B0C22,AA,11,12,34,Black,0b0c22.png,,,Crew,
#0B1430,#0B307E,AA,11,48,126,Blue,0b307e.png,,,Crew,
#0B5135,#0B5373,AA,11,83,115,Blue,0b5373.png,,,Crew,
#0C0C0C,#0C164E,AA,12,22,78,Blue,0c164e.png,,,Crew,
#0C164E,#0C1B4E,AA,12,27,78,Blue,0c1b4e.png,,,Crew,
#0C1B4E,#0C250D,AA,12,37,13,Black,0c250d.png,,,Crew,
#0C250D,#0C2E7B,AA,12,46,123,Blue,0c2e7b.png,,,Crew,
#0C2E7B,#0C4414,AA,12,68,20,Green,0c4414.png,,,Crew,
#0C4414,#0C5A26,AA,12,90,38,Green,0c5a26.png,,,Crew,
#0D363F,#0D5525,AA,13,85,37,Green,0d5525.png,,,Crew,
#0E0C0F,#0E1819,AA,14,24,25,Black,0e1819.png,,,Crew,
#0E1C46,#0E582E,AA,14,88,46,Green,0e582e.png,,,Crew,
#0F3223,#0F3866,AA,15,56,102,Blue,0f3866.png,,,Crew,
#10062E,#101212,AA,16,18,18,Black,101212.png,,,Crew,
#101212,#101216,AA,16,18,22,Black,101216.png,,,Crew,
#110320,#110414,AA,17,4,20,Black,110414.png,,,Crew,
#110414,#110A24,AA,17,10,36,Black,110a24.png,,,Crew,
#110A24,#110E10,AA,17,14,16,Black,110e10.png,,,Crew,
#110F61,#111411,AA,17,20,17,Black,111411.png,,,Crew,
#111411,#111917,AA,17,25,23,Black,111917.png,,,Crew,
#116F3E,#120626,AA,18,6,38,Black,120626.png,,,Crew,
#120626,#12070E,AA,18,7,14,Black,12070e.png,,,Crew,
#120A29,#120F15,AA,18,15,21,Black,120f15.png,,,Crew,
#120F15,#120F2D,AA,18,15,45,Gray,120f2d.png,,,Crew,
#121015,#121205,AA,18,18,5,Black,121205.png,,,Crew,
#12224E,#12254C,AA,18,37,76,Blue,12254c.png,,,Crew,
#140008,#140204,AA,20,2,4,Black,140204.png,,,Crew,
#140309,#141920,AA,20,25,32,Black,141920.png,,,Crew,
#142414,#142A59,AA,20,42,89,Blue,142a59.png,,,Crew,
#150128,#150855,AA,21,8,85,Blue,150855.png,,,Crew,
#150B14,#151B26,AA,21,27,38,Black,151b26.png,,,Crew,
#151B26,#152241,AA,21,34,65,Blue,152241.png,,,Crew,
#152241,#152A30,AA,21,42,48,Gray,152a30.png,,,Crew,
#15351D,#155F90,AA,21,95,144,Blue,155f90.png,,,Crew,
#16261C,#16262D,AA,22,38,45,Gray,16262d.png,,,Crew,
#16262D,#16591A,AA,22,89,26,Green,16591a.png,,,Crew,
#16591A,#1673DE,AA,22,115,222,Blue,1673de.png,,,Crew,
#171717,#171B1C,AA,23,27,28,Black,171b1c.png,,,Crew,
#173824,#17383B,AA,23,56,59,Gray,17383b.png,,,Crew,
#180A1F,#180C1F,AA,24,12,31,Black,180c1f.png,,,Crew,
#180C1F,#181E20,AA,24,30,32,Black,181e20.png,,,Crew,
#1853C0,#19000A,AA,25,0,10,Black,19000a.png,,,Crew,
#19050D,#19080B,AA,25,8,11,Black,19080b.png,,,Crew,
#190949,#19100D,AA,25,16,13,Black,19100d.png,,,Crew,
#191021,#191313,AA,25,19,19,Black,191313.png,,,Crew,
#191419,#191D44,AA,25,29,68,Blue,191d44.png,,,Crew,
#1A021A,#1A0305,AA,26,3,5,Black,1a0305.png,,,Crew,
#1A0305,#1A0520,AA,26,5,32,Black,1a0520.png,,,Crew,
#1A161C,#1A1F14,AA,26,31,20,Black,1a1f14.png,,,Crew,
#1A3251,#1A5525,AA,26,85,37,Green,1a5525.png,,,Crew,
#1A5525,#1A64A3,AA,26,100,163,Blue,1a64a3.png,,,Crew,
#1B1023,#1B322C,AA,27,50,44,Gray,1b322c.png,,,Crew,
#1B322C,#1B3D31,AA,27,61,49,Gray,1b3d31.png,,,Crew,
#1B4970,#1B592D,AA,27,89,45,Green,1b592d.png,,,Crew,
#1C0C03,#1C1E21,AA,28,30,33,Black,1c1e21.png,,,Crew,
#1C4869,#1C8C90,AA,28,140,144,Gray,1c8c90.png,,,Crew,
#1D020C,#1D0E23,AA,29,14,35,Black,1d0e23.png,,,Crew,
#1D0E23,#1D123A,AA,29,18,58,Blue,1d123a.png,,,Crew,
#1D123A,#1D1D16,AA,29,29,22,Black,1d1d16.png,,,Crew,
#1D4933,#1E0000,AA,30,0,0,Black,1e0000.png,,,Crew,
#1E0000,#1E000D,AA,30,0,13,Black,1e000d.png,,,Crew,
#1E1B1A,#1E1E21,AA,30,30,33,Black,1e1e21.png,,,Crew,
#1E1E21,#1E2126,AA,30,33,38,Black,1e2126.png,,,Crew,
#1E2230,#1E2320,AA,30,35,32,Black,1e2320.png,,,Crew,
#1E2320,#1E321E,AA,30,50,30,Gray,1e321e.png,,,Crew,
#1E321E,#1E3B55,AA,30,59,85,Blue,1e3b55.png,,,Crew,
#1E3F60,#1E4340,AA,30,67,64,Gray,1e4340.png,,,Crew,
#1F0F25,#1F1C1B,AA,31,28,27,Black,1f1c1b.png,,,Crew,
#1F2018,#1F2614,AA,31,38,20,Black,1f2614.png,,,Crew,
#1F2B2E,#1F2B42,AA,31,43,66,Gray,1f2b42.png,,,Crew,
#1F2B42,#1F2F3E,AA,31,47,62,Gray,1f2f3e.png,,,Crew,
#202920,#202D38,AA,32,45,56,Gray,202d38.png,,,Crew,
#207718,#210008,AA,33,0,8,Black,210008.png,,,Crew,
#210316,#21042B,AA,33,4,43,Gray,21042b.png,,,Crew,
#210D0D,#210E01,AA,33,14,1,Black,210e01.png,,,Crew,
#210E01,#211B16,AA,33,27,22,Black,211b16.png,,,Crew,
#211B16,#212A3B,AA,33,42,59,Gray,212a3b.png,,,Crew,
#212E32,#212F1E,AA,33,47,30,Gray,212f1e.png,,,Crew,
#213220,#213336,AA,33,51,54,Gray,213336.png,,,Crew,
#213A30,#214A86,AA,33,74,134,Blue,214a86.png,,,Crew,
#221B18,#222B4B,AA,34,43,75,Blue,222b4b.png,,,Crew,
#233456,#233D69,AA,35,61,105,Blue,233d69.png,,,Crew,
#233D69,#237F20,AA,35,127,32,Green,237f20.png,,,Crew,
#240100,#240510,AA,36,5,16,Black,240510.png,,,Crew,
#240F10,#241515,AA,36,21,21,Black,241515.png,,,Crew,
#242D09,#242E5A,AA,36,46,90,Blue,242e5a.png,,,Crew,
#243102,#243349,AA,36,51,73,Gray,243349.png,,,Crew,
#252A6E,#252B3C,AA,37,43,60,Gray,252b3c.png,,,Crew,
#260000,#260410,AA,38,4,16,Black,260410.png,,,Crew,
#261150,#261C17,AA,38,28,23,Black,261c17.png,,,Crew,
#261C17,#26282D,AA,38,40,45,Gray,26282d.png,,,Crew,
#26282D,#262959,AA,38,41,89,Blue,262959.png,,,Crew,
#262A14,#26305C,AA,38,48,92,Blue,26305c.png,,,Crew,
#266A30,#27041F,AA,39,4,31,Black,27041f.png,,,Crew,
#27041F,#27146D,AA,39,20,109,Blue,27146d.png,,,Crew,
#27203B,#272930,AA,39,41,48,Gray,272930.png,,,Crew,
#273A6E,#276B92,AA,39,107,146,Blue,276b92.png,,,Crew,
#28417C,#290000,AA,41,0,0,Red,290000.png,,,Crew,
#2A0161,#2A224F,AA,42,34,79,Blue,2a224f.png,,,Crew,
#2A2B63,#2A343B,AA,42,52,59,Gray,2a343b.png,,,Crew,
#2A3C1E,#2A4669,AA,42,70,105,Blue,2a4669.png,,,Crew,
#2A4669,#2A4B6A,AA,42,75,106,Blue,2a4b6a.png,,,Crew,
#2A4B6A,#2A6414,AA,42,100,20,Green,2a6414.png,,,Crew,
#2A6414,#2B0007,AA,43,0,7,Red,2b0007.png,,,Crew,
#2B0B14,#2B1B0B,AA,43,27,11,Gray,2b1b0b.png,,,Crew,
#2B1B0B,#2B231D,AA,43,35,29,Gray,2b231d.png,,,Crew,
#2B231D,#2B2357,AA,43,35,87,Blue,2b2357.png,,,Crew,
#2B2D1F,#2B391F,AA,43,57,31,Gray,2b391f.png,,,Crew,
#2B4049,#2B5540,AA,43,85,64,Green,2b5540.png,,,Crew,
#2B5540,#2C0709,AA,44,7,9,Gray,2c0709.png,,,Crew,
#2C0709,#2C0F19,AA,44,15,25,Gray,2c0f19.png,,,Crew,
#2C0F19,#2C110F,AA,44,17,15,Gray,2c110f.png,,,Crew,
#2C110F,#2C2D2E,AA,44,45,46,Gray,2c2d2e.png,,,Crew,
#2C2D2E,#2C332B,AA,44,51,43,Gray,2c332b.png,,,Crew,
#2C3731,#2C435F,AA,44,67,95,Blue,2c435f.png,,,Crew,
#2D0309,#2D2239,AA,45,34,57,Gray,2d2239.png,,,Crew,
#2D2A12,#2D527F,AA,45,82,127,Blue,2d527f.png,,,Crew,
#2D5F1E,#2D8745,AA,45,135,69,Green,2d8745.png,,,Crew,
#2E0514,#2E1E14,AA,46,30,20,Gray,2e1e14.png,,,Crew,
#2E2E2E,#2E3228,AA,46,50,40,Gray,2e3228.png,,,Crew,
#2E3F64,#2E4652,AA,46,70,82,Gray,2e4652.png,,,Crew,
#2E5234,#2EB92A,AA,46,185,42,Green,2eb92a.png,,,Crew,
#2F302E,#2F3B32,AA,47,59,50,Gray,2f3b32.png,,,Crew,
#30050A,#301517,AA,48,21,23,Gray,301517.png,,,Crew,
#306020,#309712,AA,48,151,18,Green,309712.png,,,Crew,
#309712,#312E31,AA,49,46,49,Gray,312e31.png,,,Crew,
#31353D,#314230,AA,49,66,48,Gray,314230.png,,,Crew,
#314263,#315659,AA,49,86,89,Gray,315659.png,,,Crew,
#317F43,#320315,AA,50,3,21,Pink,320315.png,,,Crew,
#320512,#320606,AA,50,6,6,Red,320606.png,,,Crew,
#32564F,#325C2F,AA,50,92,47,Green,325c2f.png,,,Crew,
#333A42,#333C27,AA,51,60,39,Gray,333c27.png,,,Crew,
#342F32,#343750,AA,52,55,80,Gray,343750.png,,,Crew,
#350000,#350918,AA,53,9,24,Pink,350918.png,,,Crew,
#353A44,#353A4A,AA,53,58,74,Gray,353a4a.png,,,Crew,
#354F64,#361A0D,AA,54,26,13,Brown,361a0d.png,,,Crew,
#362A17,#36312C,AA,54,49,44,Gray,36312c.png,,,Crew,
#36312C,#36363D,AA,54,54,61,Gray,36363d.png,,,Crew,
#36363D,#363846,AA,54,56,70,Gray,363846.png,,,Crew,
#36421A,#364241,AA,54,66,65,Gray,364241.png,,,Crew,
#36495E,#36504A,AA,54,80,74,Gray,36504a.png,,,Crew,
#36506B,#36589A,AA,54,88,154,Blue,36589a.png,,,Crew,
#381100,#381D38,AA,56,29,56,Gray,381d38.png,,,Crew,
#381D38,#38342F,AA,56,52,47,Gray,38342f.png,,,Crew,
#38342F,#38352E,AA,56,53,46,Gray,38352e.png,,,Crew,
#384737,#391949,AA,57,25,73,Gray,391949.png,,,Crew,
#391949,#39392B,AA,57,57,43,Gray,39392b.png,,,Crew,
#3A393E,#3A3F44,AA,58,63,68,Gray,3a3f44.png,,,Crew,
#3A3F49,#3A484F,AA,58,72,79,Gray,3a484f.png,,,Crew,
#3A484F,#3A5954,AA,58,89,84,Gray,3a5954.png,,,Crew,
#3A795C,#3A7D23,AA,58,125,35,Green,3a7d23.png,,,Crew,
#3B2134,#3B2405,AA,59,36,5,Brown,3b2405.png,,,Crew,
#3B2920,#3B2A2D,AA,59,42,45,Gray,3b2a2d.png,,,Crew,
#3B355A,#3B4139,AA,59,65,57,Gray,3b4139.png,,,Crew,
#3C0F1A,#3C3E44,AA,60,62,68,Gray,3c3e44.png,,,Crew,
#3C3E44,#3C4247,AA,60,66,71,Gray,3c4247.png,,,Crew,
#3D0C04,#3D1912,AA,61,25,18,Red,3d1912.png,,,Crew,
#3D201C,#3D381A,AA,61,56,26,Gray,3d381a.png,,,Crew,
#3E211B,#3E3F40,AA,62,63,64,Gray,3e3f40.png,,,Crew,
#3E3F40,#3E4D2F,AA,62,77,47,Gray,3e4d2f.png,,,Crew,
#410304,#410409,AA,65,4,9,Red,410409.png,,,Crew,
#413F3F,#414221,AA,65,66,33,Gray,414221.png,,,Crew,
#420807,#420B02,AA,66,11,2,Red,420b02.png,,,Crew,
#420B02,#421100,AA,66,17,0,Brown,421100.png,,,Crew,
#421100,#426938,AA,66,105,56,Green,426938.png,,,Crew,
#434385,#434A42,AA,67,74,66,Gray,434a42.png,,,Crew,
#440324,#440402,AA,68,4,2,Red,440402.png,,,Crew,
#440402,#443838,AA,68,56,56,Gray,443838.png,,,Crew,
#443D3B,#444D3A,AA,68,77,58,Gray,444d3a.png,,,Crew,
#44900A,#449908,AA,68,153,8,Green,449908.png,,,Crew,
#461B0B,#462D0D,AA,70,45,13,Brown,462d0d.png,,,Crew,
#464342,#464D5A,AA,70,77,90,Gray,464d5a.png,,,Crew,
#476906,#47816A,AA,71,129,106,Green,47816a.png,,,Crew,
#481702,#482916,AA,72,41,22,Brown,482916.png,,,Crew,
#482916,#485B61,AA,72,91,97,Gray,485b61.png,,,Crew,
#48701F,#488C42,AA,72,140,66,Green,488c42.png,,,Crew,
#49000F,#49111D,AA,73,17,29,Pink,49111d.png,,,Crew,
#49111D,#491505,AA,73,21,5,Brown,491505.png,,,Crew,
#491505,#493A2E,AA,73,58,46,Gray,493a2e.png,,,Crew,
#493A2E,#494D54,AA,73,77,84,Gray,494d54.png,,,Crew,
#4A220C,#4A3D0D,AA,74,61,13,Yellow,4a3d0d.png,,,Crew,
#4A4F4A,#4B0530,AA,75,5,48,Pink,4b0530.png,,,Crew,
#4B0530,#4B2353,AA,75,35,83,Gray,4b2353.png,,,Crew,
#4B2802,#4B406B,AA,75,64,107,Blue,4b406b.png,,,Crew,
#4D0707,#4D1400,AA,77,20,0,Brown,4d1400.png,,,Crew,
#4E5459,#4E7D1C,AA,78,125,28,Green,4e7d1c.png,,,Crew,
#4E7D1C,#4E7EC1,AA,78,126,193,Blue,4e7ec1.png,,,Crew,
#4F3637,#4F5963,AA,79,89,99,Gray,4f5963.png,,,Crew,
#501031,#501314,AA,80,19,20,Red,501314.png,,,Crew,
#503942,#503F30,AA,80,63,48,Gray,503f30.png,,,Crew,
#503F30,#50665C,AA,80,102,92,Gray,50665c.png,,,Crew,
#520102,#520400,AA,82,4,0,Red,520400.png,,,Crew,
#553A43,#55636D,AA,85,99,109,Gray,55636d.png,,,Crew,
#560E0E,#562920,AA,86,41,32,Red,562920.png,,,Crew,
#564200,#564938,AA,86,73,56,Gray,564938.png,,,Crew,
#566A0E,#570303,AA,87,3,3,Red,570303.png,,,Crew,
#570303,#571000,AA,87,16,0,Brown,571000.png,,,Crew,
#575249,#580101,AA,88,1,1,Red,580101.png,,,Crew,
#580101,#584845,AA,88,72,69,Gray,584845.png,,,Crew,
#5881BB,#590D23,AA,89,13,35,Pink,590d23.png,,,Crew,
#59534A,#5A0300,AA,90,3,0,Red,5a0300.png,,,Crew,
#5A100C,#5A1903,AA,90,25,3,Brown,5a1903.png,,,Crew,
#5A1903,#5A212C,AA,90,33,44,Pink,5a212c.png,,,Crew,
#5A7268,#5A7300,AA,90,115,0,Green,5a7300.png,,,Crew,
#5B0705,#5B3613,AA,91,54,19,Brown,5b3613.png,,,Crew,
#5C5540,#5C5B59,AA,92,91,89,Gray,5c5b59.png,,,Crew,
#5C606C,#5D2312,AA,93,35,18,Brown,5d2312.png,,,Crew,
#5D2312,#5D3E19,AA,93,62,25,Brown,5d3e19.png,,,Crew,
#5D3E19,#5D4949,AA,93,73,73,Gray,5d4949.png,,,Crew,
#5E000E,#5E6276,AA,94,98,118,Gray,5e6276.png,,,Crew,
#5F4429,#5F4E1A,AA,95,78,26,Yellow,5f4e1a.png,,,Crew,
#60050C,#604939,AA,96,73,57,Gray,604939.png,,,Crew,
#604939,#60626C,AA,96,98,108,Gray,60626c.png,,,Crew,
#610514,#61060C,AA,97,6,12,Red,61060c.png,,,Crew,
#610A29,#614C23,AA,97,76,35,Brown,614c23.png,,,Crew,
#614C23,#615442,AA,97,84,66,Gray,615442.png,,,Crew,
#629DAC,#630E03,AA,99,14,3,Brown,630e03.png,,,Crew,
#634A5E,#634C40,AA,99,76,64,Gray,634c40.png,,,Crew,
#640F0F,#643200,AA,100,50,0,Red,643200.png,,,Crew,
#643200,#645B4F,AA,100,91,79,Gray,645b4f.png,,,Crew,
#645B4F,#64600F,AA,100,96,15,Gray,64600f.png,,,Crew,
#680208,#681600,AA,104,22,0,Red,681600.png,,,Crew,
#681600,#685800,AA,104,88,0,Yellow,685800.png,,,Crew,
#685800,#690009,AA,105,0,9,Red,690009.png,,,Crew,
#6B7304,#6C1C00,AA,108,28,0,Red,6c1c00.png,,,Crew,
#6C1C00,#6C614A,AA,108,97,74,Gray,6c614a.png,,,Crew,
#6C614A,#6C6C95,AA,108,108,149,Blue,6c6c95.png,,,Crew,
#6E060A,#6E413C,AA,110,65,60,Red,6e413c.png,,,Crew,
#723800,#726202,AA,114,98,2,Yellow,726202.png,,,Crew,
#73043A,#73080F,AA,115,8,15,Red,73080f.png,,,Crew,
#73161C,#733614,AA,115,54,20,Red,733614.png,,,Crew,
#740279,#742600,AA,116,38,0,Red,742600.png,,,Crew,
#762439,#765800,AA,118,88,0,Red,765800.png,,,Crew,
#765800,#76DE00,AA,118,222,0,Green,76de00.png,,,Crew,
#780502,#784B54,AA,120,75,84,Red,784b54.png,,,Crew,
#799613,#7A0903,AA,122,9,3,Red,7a0903.png,,,Crew,
#7A0903,#7A2215,AA,122,34,21,Red,7a2215.png,,,Crew,
#7C660F,#7C6D0C,AA,124,109,12,Yellow,7c6d0c.png,,,Crew,
#7C6D0C,#7C7B7B,AA,124,123,123,Gray,7c7b7b.png,,,Crew,
#7D4956,#7D9E10,AA,125,158,16,Green,7d9e10.png,,,Crew,
#7E0604,#7E0905,AA,126,9,5,Red,7e0905.png,,,Crew,
#7F0000,#7F000B,AA,127,0,11,Pink,7f000b.png,,,Crew,
#808B9B,#80B00E,AA,128,176,14,Green,80b00e.png,,,Crew,
#82110D,#821502,AA,130,21,2,Red,821502.png,,,Crew,
#821502,#822100,AA,130,33,0,Red,822100.png,,,Crew,
#822100,#824131,AA,130,65,49,Red,824131.png,,,Crew,
#838F3D,#844E02,AA,132,78,2,Red,844e02.png,,,Crew,
#861615,#872808,AA,135,40,8,Red,872808.png,,,Crew,
#881C01,#884B7E,AA,136,75,126,Gray,884b7e.png,,,Crew,
#8A1008,#8A1A1D,AA,138,26,29,Red,8a1a1d.png,,,Crew,
#8A1A1D,#8A2B03,AA,138,43,3,Red,8a2b03.png,,,Crew,
#8A2B03,#8A4A00,AA,138,74,0,Red,8a4a00.png,,,Crew,
#8B2F6B,#8B5F03,AA,139,95,3,Red,8b5f03.png,,,Crew,
#8D5F16,#8D7136,AA,141,113,54,Red,8d7136.png,,,Crew,
#8E2C00,#8E5803,AA,142,88,3,Red,8e5803.png,,,Crew,
#8E5803,#8EB290,AA,142,178,144,Gray,8eb290.png,,,Crew,
#8F7D1C,#8FDF00,AA,143,223,0,Green,8fdf00.png,,,Crew,
#90000E,#903004,AA,144,48,4,Red,903004.png,,,Crew,
#903004,#910003,AA,145,0,3,Red,910003.png,,,Crew,
#910003,#924E00,AA,146,78,0,Red,924e00.png,,,Crew,
#924E00,#92790C,AA,146,121,12,Red,92790c.png,,,Crew,
#92790C,#931613,AA,147,22,19,Red,931613.png,,,Crew,
#931613,#933704,AA,147,55,4,Red,933704.png,,,Crew,
#933704,#93712F,AA,147,113,47,Red,93712f.png,,,Crew,
#949013,#962600,AA,150,38,0,Red,962600.png,,,Crew,
#962600,#962814,AA,150,40,20,Red,962814.png,,,Crew,
#962814,#962908,AA,150,41,8,Red,962908.png,,,Crew,
#962908,#966923,AA,150,105,35,Red,966923.png,,,Crew,
#966923,#977D0B,AA,151,125,11,Red,977d0b.png,,,Crew,
#977D0B,#987001,AA,152,112,1,Red,987001.png,,,Crew,
#987001,#99000D,AA,153,0,13,Pink,99000d.png,,,Crew,
#992000,#993317,AA,153,51,23,Red,993317.png,,,Crew,
#9B2720,#9B9DA0,AA,155,157,160,Gray,9b9da0.png,,,Crew,
#9E3200,#9F4E27,AA,159,78,39,Red,9f4e27.png,,,Crew,
#A43131,#A4731D,AA,164,115,29,Red,a4731d.png,,,Crew,
#A4731D,#A50A0D,AA,165,10,13,Red,a50a0d.png,,,Crew,
#A50A0D,#A5170A,AA,165,23,10,Red,a5170a.png,,,Crew,
#A5170A,#A57301,AA,165,115,1,Red,a57301.png,,,Crew,
#A57301,#A62207,AA,166,34,7,Red,a62207.png,,,Crew,
#A62303,#A6251E,AA,166,37,30,Red,a6251e.png,,,Crew,
#A70A00,#A7A5A0,AA,167,165,160,Gray,a7a5a0.png,,,Crew,
#A90808,#A99C44,AA,169,156,68,Yellow,a99c44.png,,,Crew,
#A99C44,#AA7004,AA,170,112,4,Red,aa7004.png,,,Crew,
#AA7004,#AA8000,AA,170,128,0,Red,aa8000.png,,,Crew,
#AA8A05,#AA8F3B,AA,170,143,59,Red,aa8f3b.png,,,Crew,
#AB3303,#AB990C,AA,171,153,12,Yellow,ab990c.png,,,Crew,
#AF2012,#AF6605,AA,175,102,5,Red,af6605.png,,,Crew,
#AF6605,#AF9121,AA,175,145,33,Red,af9121.png,,,Crew,
#B2230E,#B22407,AA,178,36,7,Red,b22407.png,,,Crew,
#B94100,#B97300,AA,185,115,0,Red,b97300.png,,,Crew,
#B9891E,#B98A00,AA,185,138,0,Red,b98a00.png,,,Crew,
#B98A00,#BB000A,AA,187,0,10,Red,bb000a.png,,,Crew,
#BB000A,#BB0011,AA,187,0,17,Pink,bb0011.png,,,Crew,
#BB8F29,#BEB6A7,AA,190,182,167,Gray,beb6a7.png,,,Crew,
#C70000,#C8000A,AA,200,0,10,Red,c8000a.png,,,Crew,
#CC001A,#CC751F,AA,204,117,31,Red,cc751f.png,,,Crew,
#CE3C01,#CEA777,AA,206,167,119,Red,cea777.png,,,Crew,
#D0D53D,#D15E00,AA,209,94,0,Red,d15e00.png,,,Crew,
#D20E1C,#D30019,AA,211,0,25,Pink,d30019.png,,,Crew,
#D70903,#D8EC3B,AA,216,236,59,Gray,d8ec3b.png,,,Crew,
#D8EC3B,#D95B07,AA,217,91,7,Red,d95b07.png,,,Crew,
#D9AB18,#D9D6C5,AA,217,214,197,White,d9d6c5.png,,,Crew,
#DC2602,#E11E2F,AA,225,30,47,Pink,e11e2f.png,,,Crew,
#E11E2F,#E1A550,AA,225,165,80,Red,e1a550.png,,,Crew,
#E56717,#E56799,AA,229,103,153,Pink,e56799.png,,,Crew,
#E61405,#E6E1D2,AA,230,225,210,White,e6e1d2.png,,,Crew,
#F2B500,#F2E1C1,AA,242,225,193,Yellow,f2e1c1.png,,,Crew,
#F3AA00,#F59B1E,AA,245,155,30,Red,f59b1e.png,,,Crew,
#F6AA27,#F9AA02,AA,249,170,2,Red,f9aa02.png,,,Crew,
#FF1801,#FF2E00,AA,255,46,0,Red,ff2e00.png,,,Crew,
#FF3E00,#FF4500,AA,255,69,0,Red,ff4500.png,,,Crew,
#FF4F00,#FF9905,AA,255,153,5,Red,ff9905.png,,,Crew,
#FFA848,#FFDC81,AA,255,220,129,Red,ffdc81.png,,,Crew,
#000F37,#000F37,AA | FF,0,15,55,Blue,000f37.png,,,Crew,
#00141A,#00141A,AA | FF,0,20,26,Black,00141a.png,,,Crew,
#002343,#002343,AA | FF,0,35,67,Blue,002343.png,,,Crew,
#003D58,#003D58,AA | FF,0,61,88,Blue,003d58.png,,,Crew,
#02101D,#02101D,AA | FF,2,16,29,Black,02101d.png,,,Crew,
#021B49,#021B49,AA | FF,2,27,73,Blue,021b49.png,,,Crew,
#025270,#025270,AA | FF,2,82,112,Blue,025270.png,,,Crew,
#031648,#031648,AA | FF,3,22,72,Blue,031648.png,,,Crew,
#05013A,#05013A,AA | FF,5,1,58,Blue,05013a.png,,,Crew,
#08171A,#08171A,AA | FF,8,23,26,Black,08171a.png,,,Crew,
#0F91AF,#0F91AF,AA | FF,15,145,175,Blue,0f91af.png,,,Crew,
#1B3700,#1B3700,AA | FF,27,55,0,Green,1b3700.png,,,Crew,
#228F03,#228F03,AA | FF,34,143,3,Green,228f03.png,,,Crew,
#33574A,#33574A,AA | FF,51,87,74,Gray,33574a.png,,,Crew,
#343537,#343537,AA | FF,52,53,55,Gray,343537.png,,,Crew,
#35B0B7,#35B0B7,AA | FF,53,176,183,Gray,35b0b7.png,,,Crew,
#380411,#380411,AA | FF,56,4,17,Pink,380411.png,,,Crew,
#383418,#383418,AA | FF,56,52,24,Gray,383418.png,,,Crew,
#548C7B,#548C7B,AA | FF,84,140,123,Cyan,548c7b.png,,,Crew,
#59513D,#59513D,AA | FF,89,81,61,Gray,59513d.png,,,Crew,
#5C4C36,#5C4C36,AA | FF,92,76,54,Gray,5c4c36.png,,,Crew,
#5C560A,#5C560A,AA | FF,92,86,10,Gray,5c560a.png,,,Crew,
#701417,#701417,AA | FF,112,20,23,Red,701417.png,,,Crew,
#7D0400,#7D0400,AA | FF,125,4,0,Red,7d0400.png,,,Crew,
#803700,#803700,AA | FF,128,55,0,Red,803700.png,,,Crew,
#890902,#890902,AA | FF,137,9,2,Red,890902.png,,,Crew,
#929812,#929812,AA | FF,146,152,18,Gray,929812.png,,,Crew,
#964F3C,#964F3C,AA | FF,150,79,60,Red,964f3c.png,,,Crew,
#9B2417,#9B2417,AA | FF,155,36,23,Red,9b2417.png,,,Crew,
#A0281C,#A0281C,AA | FF,160,40,28,Red,a0281c.png,,,Crew,
#A56F0F,#A56F0F,AA | FF,165,111,15,Red,a56f0f.png,,,Crew,
#AD1C1C,#AD1C1C,AA | FF,173,28,28,Red,ad1c1c.png,,,Crew,
#B02F02,#B02F02,AA | FF,176,47,2,Red,b02f02.png,,,Crew,
#B59D69,#B59D69,AA | FF,181,157,105,Red,b59d69.png,,,Crew,
#B95200,#B95200,AA | FF,185,82,0,Red,b95200.png,,,Crew,
#BCA123,#BCA123,AA | FF,188,161,35,Red,bca123.png,,,Crew,
#C19A17,#C19A17,AA | FF,193,154,23,Red,c19a17.png,,,Crew,
#C1B349,#C1B349,AA | FF,193,179,73,Yellow,c1b349.png,,,Crew,
#C57600,#C57600,AA | FF,197,118,0,Red,c57600.png,,,Crew,
#CCAD33,#CCAD33,AA | FF,204,173,51,Red,ccad33.png,,,Crew,
#D2AD5F,#D2AD5F,AA | FF,210,173,95,Red,d2ad5f.png,,,Crew,
#DD8081,#DD8081,AA | FF,221,128,129,Red,dd8081.png,,,Crew,
#E4E4E4,#E4E4E4,AA | FF,228,228,228,White,e4e4e4.png,,,Crew,
#F9DB24,#F9DB24,AA | FF,249,219,36,Red,f9db24.png,,,Crew,
#FA391C,#FA391C,AA | FF,250,57,28,Red,fa391c.png,,,Crew,
#00001E,#00001E,EE,0,0,30,Black,00001e.png,,,Crew,
#00022E,#00022E,EE,0,2,46,Blue,00022e.png,,,Crew,
#000421,#000421,EE,0,4,33,Black,000421.png,,,Crew,
#000513,#000513,EE,0,5,19,Black,000513.png,,,Crew,
#000818,#000818,EE,0,8,24,Black,000818.png,,,Crew,
#00100F,#00100F,EE,0,16,15,Black,00100f.png,,,Crew,
#001317,#001317,EE,0,19,23,Black,001317.png,,,Crew,
#001711,#001712,EE,0,23,18,Black,001712.png,,,Crew,
#001712,#00171E,EE,0,23,30,Black,00171e.png,,,Crew,
#001819,#001825,EE,0,24,37,Black,001825.png,,,Crew,
#001A5F,#001B16,EE,0,27,22,Black,001b16.png,,,Crew,
#001E6B,#001F61,EE,0,31,97,Blue,001f61.png,,,Crew,
#002114,#002124,EE,0,33,36,Black,002124.png,,,Crew,
#002321,#002322,EE,0,35,34,Black,002322.png,,,Crew,
#002473,#00261A,EE,0,38,26,Black,00261a.png,,,Crew,
#002919,#0029B0,EE,0,41,176,Blue,0029b0.png,,,Crew,
#002A76,#002B46,EE,0,43,70,Blue,002b46.png,,,Crew,
#003246,#003357,EE,0,51,87,Blue,003357.png,,,Crew,
#00337A,#003540,EE,0,53,64,Gray,003540.png,,,Crew,
#003540,#003634,EE,0,54,52,Gray,003634.png,,,Crew,
#003741,#00378D,EE,0,55,141,Blue,00378d.png,,,Crew,
#00378D,#003800,EE,0,56,0,Green,003800.png,,,Crew,
#003A3E,#003B35,EE,0,59,53,Gray,003b35.png,,,Crew,
#003ED9,#004173,EE,0,65,115,Blue,004173.png,,,Crew,
#004173,#00418B,EE,0,65,139,Blue,00418b.png,,,Crew,
#004773,#004774,EE,0,71,116,Blue,004774.png,,,Crew,
#004774,#004B5A,EE,0,75,90,Gray,004b5a.png,,,Crew,
#004B5A,#004E75,EE,0,78,117,Blue,004e75.png,,,Crew,
#004F73,#004F7F,EE,0,79,127,Blue,004f7f.png,,,Crew,
#004F7F,#0050D7,EE,0,80,215,Blue,0050d7.png,,,Crew,
#0050D7,#0051B5,EE,0,81,181,Blue,0051b5.png,,,Crew,
#0060E3,#006156,EE,0,97,86,Cyan,006156.png,,,Crew,
#006156,#006568,EE,0,101,104,Gray,006568.png,,,Crew,
#006630,#006699,EE,0,102,153,Blue,006699.png,,,Crew,
#006B73,#006DAD,EE,0,109,173,Blue,006dad.png,,,Crew,
#006FEF,#007550,EE,0,117,80,Green,007550.png,,,Crew,
#007550,#00767F,EE,0,118,127,Gray,00767f.png,,,Crew,
#00767F,#0082FF,EE,0,130,255,Blue,0082ff.png,,,Crew,
#010012,#010612,EE,1,6,18,Black,010612.png,,,Crew,
#012118,#0141C6,EE,1,65,198,Blue,0141c6.png,,,Crew,
#0141C6,#0177A4,EE,1,119,164,Blue,0177a4.png,,,Crew,
#0177A4,#020121,EE,2,1,33,Black,020121.png,,,Crew,
#020121,#020202,EE,2,2,2,Black,020202.png,,,Crew,
#02100D,#02103A,EE,2,16,58,Blue,02103a.png,,,Crew,
#02110D,#021137,EE,2,17,55,Blue,021137.png,,,Crew,
#026B90,#02823E,EE,2,130,62,Green,02823e.png,,,Crew,
#02823E,#0290A5,EE,2,144,165,Blue,0290a5.png,,,Crew,
#03022E,#030530,EE,3,5,48,Blue,030530.png,,,Crew,
#033066,#033746,EE,3,55,70,Gray,033746.png,,,Crew,
#050617,#050712,EE,5,7,18,Black,050712.png,,,Crew,
#050721,#050821,EE,5,8,33,Black,050821.png,,,Crew,
#05662C,#06020A,EE,6,2,10,Black,06020a.png,,,Crew,
#061C53,#062259,EE,6,34,89,Blue,062259.png,,,Crew,
#062259,#062E73,EE,6,46,115,Blue,062e73.png,,,Crew,
#062E73,#062F1B,EE,6,47,27,Cyan,062f1b.png,,,Crew,
#070021,#070318,EE,7,3,24,Black,070318.png,,,Crew,
#072D8C,#073C2F,EE,7,60,47,Cyan,073c2f.png,,,Crew,
#074397,#080000,EE,8,0,0,Black,080000.png,,,Crew,
#090929,#091228,EE,9,18,40,Gray,091228.png,,,Crew,
#09307F,#094513,EE,9,69,19,Green,094513.png,,,Crew,
#0A1E97,#0A235C,EE,10,35,92,Blue,0a235c.png,,,Crew,
#0A2F8C,#0A3C50,EE,10,60,80,Gray,0a3c50.png,,,Crew,
#0A662F,#0B0203,EE,11,2,3,Black,0b0203.png,,,Crew,
#0B1211,#0B1430,EE,11,20,48,Gray,0b1430.png,,,Crew,
#0B5373,#0C0808,EE,12,8,8,Black,0c0808.png,,,Crew,
#0D1519,#0D1715,EE,13,23,21,Black,0d1715.png,,,Crew,
#0D1715,#0D1A00,EE,13,26,0,Black,0d1a00.png,,,Crew,
#0D1D58,#0D1F57,EE,13,31,87,Blue,0d1f57.png,,,Crew,
#0D1F57,#0D363F,EE,13,54,63,Gray,0d363f.png,,,Crew,
#0E1919,#0E1A1D,EE,14,26,29,Black,0e1a1d.png,,,Crew,
#0F3866,#100507,EE,16,5,7,Black,100507.png,,,Crew,
#111C1C,#111D37,EE,17,29,55,Gray,111d37.png,,,Crew,
#1143D9,#116F3E,EE,17,111,62,Green,116f3e.png,,,Crew,
#13004C,#130406,EE,19,4,6,Black,130406.png,,,Crew,
#130B0A,#130C14,EE,19,12,20,Black,130c14.png,,,Crew,
#140204,#140209,EE,20,2,9,Black,140209.png,,,Crew,
#140209,#140309,EE,20,3,9,Black,140309.png,,,Crew,
#142A59,#150128,EE,21,1,40,Gray,150128.png,,,Crew,
#150855,#150B14,EE,21,11,20,Black,150b14.png,,,Crew,
#15B298,#160502,EE,22,5,2,Black,160502.png,,,Crew,
#16091F,#160C19,EE,22,12,25,Black,160c19.png,,,Crew,
#1673DE,#17010C,EE,23,1,12,Black,17010c.png,,,Crew,
#17010C,#17081B,EE,23,8,27,Black,17081b.png,,,Crew,
#17081B,#171311,EE,23,19,17,Black,171311.png,,,Crew,
#19000A,#19050D,EE,25,5,13,Black,19050d.png,,,Crew,
#191313,#191419,EE,25,20,25,Black,191419.png,,,Crew,
#191F14,#192343,EE,25,35,67,Blue,192343.png,,,Crew,
#1A6605,#1A9900,EE,26,153,0,Green,1a9900.png,,,Crew,
#1A9900,#1B0309,EE,27,3,9,Black,1b0309.png,,,Crew,
#1B0309,#1B1023,EE,27,16,35,Black,1b1023.png,,,Crew,
#1B592D,#1C0206,EE,28,2,6,Black,1c0206.png,,,Crew,
#1C1E9B,#1C4869,EE,28,72,105,Blue,1c4869.png,,,Crew,
#1D2126,#1D2635,EE,29,38,53,Gray,1d2635.png,,,Crew,
#1D274C,#1D2A3E,EE,29,42,62,Gray,1d2a3e.png,,,Crew,
#1D3161,#1D421E,EE,29,66,30,Gray,1d421e.png,,,Crew,
#1E0A40,#1E1B1A,EE,30,27,26,Black,1e1b1a.png,,,Crew,
#1E2126,#1E2230,EE,30,34,48,Gray,1e2230.png,,,Crew,
#1F2614,#1F2819,EE,31,40,25,Gray,1f2819.png,,,Crew,
#21004C,#210316,EE,33,3,22,Black,210316.png,,,Crew,
#21042B,#210D0D,EE,33,13,13,Black,210d0d.png,,,Crew,
#212A3B,#212E32,EE,33,46,50,Gray,212e32.png,,,Crew,
#214A86,#217F19,EE,33,127,25,Green,217f19.png,,,Crew,
#217F19,#221B18,EE,34,27,24,Black,221b18.png,,,Crew,
#222C78,#22325C,EE,34,50,92,Blue,22325c.png,,,Crew,
#223340,#223C72,EE,34,60,114,Blue,223c72.png,,,Crew,
#224C40,#225268,EE,34,82,104,Blue,225268.png,,,Crew,
#232E23,#23324B,EE,35,50,75,Blue,23324b.png,,,Crew,
#237F20,#23907D,EE,35,144,125,Cyan,23907d.png,,,Crew,
#245957,#24601B,EE,36,96,27,Green,24601b.png,,,Crew,
#254636,#260000,EE,38,0,0,Black,260000.png,,,Crew,
#260410,#261150,EE,38,17,80,Blue,261150.png,,,Crew,
#262959,#262A14,EE,38,42,20,Gray,262a14.png,,,Crew,
#26305C,#263236,EE,38,50,54,Gray,263236.png,,,Crew,
#26331F,#263515,EE,38,53,21,Gray,263515.png,,,Crew,
#263515,#266A30,EE,38,106,48,Green,266a30.png,,,Crew,
#272930,#273A6E,EE,39,58,110,Blue,273a6e.png,,,Crew,
#282C33,#28331D,EE,40,51,29,Gray,28331d.png,,,Crew,
#28331D,#283343,EE,40,51,67,Gray,283343.png,,,Crew,
#29042B,#29070C,EE,41,7,12,Gray,29070c.png,,,Crew,
#291650,#292F31,EE,41,47,49,Gray,292f31.png,,,Crew,
#294999,#2A0161,EE,42,1,97,Blue,2a0161.png,,,Crew,
#2A374C,#2A3B46,EE,42,59,70,Gray,2a3b46.png,,,Crew,
#2B0007,#2B000E,EE,43,0,14,Pink,2b000e.png,,,Crew,
#2B2357,#2B2D1F,EE,43,45,31,Gray,2b2d1f.png,,,Crew,
#2C332B,#2C3731,EE,44,55,49,Gray,2c3731.png,,,Crew,
#2D527F,#2D5F1E,EE,45,95,30,Green,2d5f1e.png,,,Crew,
#2D8745,#2E0007,EE,46,0,7,Red,2e0007.png,,,Crew,
#2E0007,#2E020C,EE,46,2,12,Red,2e020c.png,,,Crew,
#2F3E5E,#2F405F,EE,47,64,95,Blue,2f405f.png,,,Crew,
#315659,#315E5A,EE,49,94,90,Gray,315e5a.png,,,Crew,
#32341A,#32564F,EE,50,86,79,Gray,32564f.png,,,Crew,
#325C2F,#33001C,EE,51,0,28,Pink,33001c.png,,,Crew,
#334766,#33567F,EE,51,86,127,Blue,33567f.png,,,Crew,
#33567F,#342F32,EE,52,47,50,Gray,342f32.png,,,Crew,
#353E4C,#35413D,EE,53,65,61,Gray,35413d.png,,,Crew,
#36435E,#36495E,EE,54,73,94,Blue,36495e.png,,,Crew,
#393E44,#394418,EE,57,68,24,Gray,394418.png,,,Crew,
#395759,#395983,EE,57,89,131,Blue,395983.png,,,Crew,
#39801D,#3A0006,EE,58,0,6,Red,3a0006.png,,,Crew,
#3A5954,#3A795C,EE,58,121,92,Green,3a795c.png,,,Crew,
#3B1E0C,#3B2134,EE,59,33,52,Gray,3b2134.png,,,Crew,
#3B2405,#3B2920,EE,59,41,32,Gray,3b2920.png,,,Crew,
#3C63B0,#3C96CA,EE,60,150,202,Blue,3c96ca.png,,,Crew,
#3D1912,#3D201C,EE,61,32,28,Gray,3d201c.png,,,Crew,
#3F434D,#3F5773,EE,63,87,115,Blue,3f5773.png,,,Crew,
#3F5773,#3F74CC,EE,63,116,204,Blue,3f74cc.png,,,Crew,
#3F74CC,#400608,EE,64,6,8,Red,400608.png,,,Crew,
#403719,#403D20,EE,64,61,32,Gray,403d20.png,,,Crew,
#403D20,#404950,EE,64,73,80,Gray,404950.png,,,Crew,
#436FC4,#437A27,EE,67,122,39,Green,437a27.png,,,Crew,
#437A27,#439D20,EE,67,157,32,Green,439d20.png,,,Crew,
#449908,#450309,EE,69,3,9,Red,450309.png,,,Crew,
#453B22,#454147,EE,69,65,71,Gray,454147.png,,,Crew,
#454759,#456199,EE,69,97,153,Blue,456199.png,,,Crew,
#456199,#457364,EE,69,115,100,Cyan,457364.png,,,Crew,
#457364,#461B0B,EE,70,27,11,Brown,461b0b.png,,,Crew,
#467F71,#469446,EE,70,148,70,Green,469446.png,,,Crew,
#469446,#47100E,EE,71,16,14,Red,47100e.png,,,Crew,
#47100E,#47200C,EE,71,32,12,Brown,47200c.png,,,Crew,
#47200C,#474243,EE,71,66,67,Gray,474243.png,,,Crew,
#47816A,#481702,EE,72,23,2,Brown,481702.png,,,Crew,
#488C42,#49000F,EE,73,0,15,Pink,49000f.png,,,Crew,
#494D54,#496AE4,EE,73,106,228,Blue,496ae4.png,,,Crew,
#4A3D0D,#4A4F4A,EE,74,79,74,Gray,4a4f4a.png,,,Crew,
#4B2353,#4B2802,EE,75,40,2,Brown,4b2802.png,,,Crew,
#4B406B,#4B77AC,EE,75,119,172,Blue,4b77ac.png,,,Crew,
#4C020C,#4C0D04,EE,76,13,4,Red,4c0d04.png,,,Crew,
#4C1112,#4C1300,EE,76,19,0,Brown,4c1300.png,,,Crew,
#4C1300,#4C250D,EE,76,37,13,Brown,4c250d.png,,,Crew,
#4C3C1E,#4C403F,EE,76,64,63,Gray,4c403f.png,,,Crew,
#4C525B,#4C680B,EE,76,104,11,Green,4c680b.png,,,Crew,
#4D665F,#4D6E87,EE,77,110,135,Blue,4d6e87.png,,,Crew,
#4E2F07,#4E3C41,EE,78,60,65,Gray,4e3c41.png,,,Crew,
#4FB228,#501031,EE,80,16,49,Pink,501031.png,,,Crew,
#50665C,#506F78,EE,80,111,120,Gray,506f78.png,,,Crew,
#520013,#520102,EE,82,1,2,Red,520102.png,,,Crew,
#529D10,#53000F,EE,83,0,15,Pink,53000f.png,,,Crew,
#53000F,#53250E,EE,83,37,14,Brown,53250e.png,,,Crew,
#54000B,#541511,EE,84,21,17,Red,541511.png,,,Crew,
#541511,#544716,EE,84,71,22,Yellow,544716.png,,,Crew,
#549977,#551A1A,EE,85,26,26,Red,551a1a.png,,,Crew,
#556633,#557324,EE,85,115,36,Green,557324.png,,,Crew,
#557324,#560E0E,EE,86,14,14,Red,560e0e.png,,,Crew,
#590D23,#594936,EE,89,73,54,Gray,594936.png,,,Crew,
#594936,#594D4B,EE,89,77,75,Gray,594d4b.png,,,Crew,
#594F48,#59534A,EE,89,83,74,Gray,59534a.png,,,Crew,
#5A0300,#5A0E00,EE,90,14,0,Brown,5a0e00.png,,,Crew,
#5A0E00,#5A100C,EE,90,16,12,Red,5a100c.png,,,Crew,
#5A7300,#5A736D,EE,90,115,109,Gray,5a736d.png,,,Crew,
#5A736D,#5A78A6,EE,90,120,166,Blue,5a78a6.png,,,Crew,
#5B798C,#5B8074,EE,91,128,116,Gray,5b8074.png,,,Crew,
#5F7362,#60050C,EE,96,5,12,Red,60050c.png,,,Crew,
#606E91,#608431,EE,96,132,49,Green,608431.png,,,Crew,
#61060C,#610A29,EE,97,10,41,Pink,610a29.png,,,Crew,
#615442,#615AAF,EE,97,90,175,Blue,615aaf.png,,,Crew,
#66032C,#663D4E,EE,102,61,78,Pink,663d4e.png,,,Crew,
#663D4E,#66585E,EE,102,88,94,Gray,66585e.png,,,Crew,
#690009,#695F20,EE,105,95,32,Gray,695f20.png,,,Crew,
#695F20,#69641A,EE,105,100,26,Gray,69641a.png,,,Crew,
#6EAB38,#6F7680,EE,111,118,128,Gray,6f7680.png,,,Crew,
#742600,#747886,EE,116,120,134,Gray,747886.png,,,Crew,
#76DE00,#773A06,EE,119,58,6,Red,773a06.png,,,Crew,
#7D9E10,#7E0604,EE,126,6,4,Red,7e0604.png,,,Crew,
#7F000B,#7F0610,EE,127,6,16,Red,7f0610.png,,,Crew,
#7F0610,#7F160D,EE,127,22,13,Red,7f160d.png,,,Crew,
#7F160D,#7F5B3F,EE,127,91,63,Red,7f5b3f.png,,,Crew,
#7F723D,#7F7342,EE,127,115,66,Yellow,7f7342.png,,,Crew,
#7F7342,#808B9B,EE,128,139,155,Gray,808b9b.png,,,Crew,
#80B23B,#82110D,EE,130,17,13,Red,82110d.png,,,Crew,
#876749,#881C01,EE,136,28,1,Red,881c01.png,,,Crew,
#884B7E,#896A23,EE,137,106,35,Red,896a23.png,,,Crew,
#8A033B,#8A0340,EE,138,3,64,Pink,8a0340.png,,,Crew,
#8A0340,#8A1008,EE,138,16,8,Red,8a1008.png,,,Crew,
#8C0311,#8C180D,EE,140,24,13,Red,8c180d.png,,,Crew,
#8FDF00,#90000E,EE,144,0,14,Pink,90000e.png,,,Crew,
#94724F,#949013,EE,148,144,19,Gray,949013.png,,,Crew,
#99000D,#991B0F,EE,153,27,15,Red,991b0f.png,,,Crew,
#991B0F,#992000,EE,153,32,0,Red,992000.png,,,Crew,
#993317,#994500,EE,153,69,0,Red,994500.png,,,Crew,
#994500,#998267,EE,153,130,103,Red,998267.png,,,Crew,
#998267,#9A1F00,EE,154,31,0,Red,9a1f00.png,,,Crew,
#A02700,#A31C00,EE,163,28,0,Red,a31c00.png,,,Crew,
#A62207,#A62303,EE,166,35,3,Red,a62303.png,,,Crew,
#A6251E,#A66C08,EE,166,108,8,Red,a66c08.png,,,Crew,
#B22407,#B2551C,EE,178,85,28,Red,b2551c.png,,,Crew,
#B29F74,#B3B16F,EE,179,177,111,Gray,b3b16f.png,,,Crew,
#B59C36,#B59F45,EE,181,159,69,Red,b59f45.png,,,Crew,
#B59F45,#B6AA5A,EE,182,170,90,Yellow,b6aa5a.png,,,Crew,
#BB0011,#BB8F29,EE,187,143,41,Red,bb8f29.png,,,Crew,
#BF5B56,#BFB13D,EE,191,177,61,Yellow,bfb13d.png,,,Crew,
#BFB13D,#BFB424,EE,191,180,36,Yellow,bfb424.png,,,Crew,
#C51802,#C70000,EE,199,0,0,Red,c70000.png,,,Crew,
#C8000A,#C86A2E,EE,200,106,46,Red,c86a2e.png,,,Crew,
#CC751F,#CCA284,EE,204,162,132,Red,cca284.png,,,Crew,
#CCB666,#CCC547,EE,204,197,71,Gray,ccc547.png,,,Crew,
#CCC547,#CCC9BF,EE,204,201,191,White,ccc9bf.png,,,Crew,
#CCCC47,#CCCCCC,EE,204,204,204,White,cccccc.png,,,Crew,
#CEA777,#CF4600,EE,207,70,0,Red,cf4600.png,,,Crew,
#D15E00,#D20E1C,EE,210,14,28,Pink,d20e1c.png,,,Crew,
#D30019,#D4A482,EE,212,164,130,Red,d4a482.png,,,Crew,
#D95B07,#D9AB18,EE,217,171,24,Red,d9ab18.png,,,Crew,
#E53006,#E54417,EE,229,68,23,Red,e54417.png,,,Crew,
#E54417,#E56717,EE,229,103,23,Red,e56717.png,,,Crew,
#E57200,#E5D44C,EE,229,212,76,Yellow,e5d44c.png,,,Crew,
#E5D44C,#E61405,EE,230,20,5,Red,e61405.png,,,Crew,
#ECA42C,#EDAD24,EE,237,173,36,Red,edad24.png,,,Crew,
#EDAD24,#EEC458,EE,238,196,88,Red,eec458.png,,,Crew,
#EEC458,#EF000A,EE,239,0,10,Red,ef000a.png,,,Crew,
#F12700,#F23C09,EE,242,60,9,Red,f23c09.png,,,Crew,
#F23C09,#F2B500,EE,242,181,0,Red,f2b500.png,,,Crew,
#F68700,#F6AA27,EE,246,170,39,Red,f6aa27.png,,,Crew,
#F9AA02,#FAB402,EE,250,180,2,Red,fab402.png,,,Crew,
#FAB402,#FAE6BD,EE,250,230,189,Yellow,fae6bd.png,,,Crew,
#FF9D00,#FFA848,EE,255,168,72,Red,ffa848.png,,,Crew,
#00030E,#00030E,FF,0,3,14,Black,00030e.png,,,Crew,
#000324,#000324,FF,0,3,36,Black,000324.png,,,Crew,
#000457,#000457,FF,0,4,87,Blue,000457.png,,,Crew,
#000915,#000915,FF,0,9,21,Black,000915.png,,,Crew,
#000A04,#000A04,FF,0,10,4,Black,000a04.png,,,Crew,
#000A24,#000A24,FF,0,10,36,Black,000a24.png,,,Crew,
#000A3D,#000A3D,FF,0,10,61,Blue,000a3d.png,,,Crew,
#000B1F,#000B1F,FF,0,11,31,Black,000b1f.png,,,Crew,
#000D19,#000D19,FF,0,13,25,Black,000d19.png,,,Crew,
#000D35,#000D35,FF,0,13,53,Blue,000d35.png,,,Crew,
#000D70,#000D70,FF,0,13,112,Blue,000d70.png,,,Crew,
#000F3E,#000F3E,FF,0,15,62,Blue,000f3e.png,,,Crew,
#00111A,#00111A,FF,0,17,26,Black,00111a.png,,,Crew,
#00123B,#00123B,FF,0,18,59,Blue,00123b.png,,,Crew,
#00131E,#00131E,FF,0,19,30,Black,00131e.png,,,Crew,
#001615,#001711,FF,0,23,17,Black,001711.png,,,Crew,
#00171E,#00172F,FF,0,23,47,Blue,00172f.png,,,Crew,
#00172F,#001819,FF,0,24,25,Black,001819.png,,,Crew,
#001825,#00183C,FF,0,24,60,Blue,00183c.png,,,Crew,
#00183C,#001920,FF,0,25,32,Black,001920.png,,,Crew,
#001920,#00194D,FF,0,25,77,Blue,00194d.png,,,Crew,
#001C17,#001C4D,FF,0,28,77,Blue,001c4d.png,,,Crew,
#001E42,#001E6B,FF,0,30,107,Blue,001e6b.png,,,Crew,
#001F6C,#00204D,FF,0,32,77,Blue,00204d.png,,,Crew,
#002336,#002351,FF,0,35,81,Blue,002351.png,,,Crew,
#002765,#002791,FF,0,39,145,Blue,002791.png,,,Crew,
#002791,#002837,FF,0,40,55,Gray,002837.png,,,Crew,
#002837,#002845,FF,0,40,69,Blue,002845.png,,,Crew,
#002A17,#002A43,FF,0,42,67,Blue,002a43.png,,,Crew,
#002A43,#002A5C,FF,0,42,92,Blue,002a5c.png,,,Crew,
#002A5C,#002A70,FF,0,42,112,Blue,002a70.png,,,Crew,
#002E38,#002E44,FF,0,46,68,Blue,002e44.png,,,Crew,
#00384F,#003870,FF,0,56,112,Blue,003870.png,,,Crew,
#003B35,#003B5C,FF,0,59,92,Blue,003b5c.png,,,Crew,
#004266,#00427D,FF,0,66,125,Blue,00427d.png,,,Crew,
#005437,#0060E3,FF,0,96,227,Blue,0060e3.png,,,Crew,
#006568,#006620,FF,0,102,32,Green,006620.png,,,Crew,
#00BFFF,#010007,FF,1,0,7,Black,010007.png,,,Crew,
#01000B,#010012,FF,1,0,18,Black,010012.png,,,Crew,
#010612,#010B0A,FF,1,11,10,Black,010b0a.png,,,Crew,
#010B0A,#010E1A,FF,1,14,26,Black,010e1a.png,,,Crew,
#011526,#011833,FF,1,24,51,Blue,011833.png,,,Crew,
#011B21,#011B4C,FF,1,27,76,Blue,011b4c.png,,,Crew,
#012031,#012118,FF,1,33,24,Black,012118.png,,,Crew,
#020202,#020216,FF,2,2,22,Black,020216.png,,,Crew,
#020216,#020A1F,FF,2,10,31,Black,020a1f.png,,,Crew,
#020B0A,#020E17,FF,2,14,23,Black,020e17.png,,,Crew,
#020E17,#02100D,FF,2,16,13,Black,02100d.png,,,Crew,
#02103A,#02110D,FF,2,17,13,Black,02110d.png,,,Crew,
#021336,#021359,FF,2,19,89,Blue,021359.png,,,Crew,
#021466,#021B20,FF,2,27,32,Black,021b20.png,,,Crew,
#022443,#02261C,FF,2,38,28,Black,02261c.png,,,Crew,
#02263B,#022C14,FF,2,44,20,Green,022c14.png,,,Crew,
#023B70,#025F64,FF,2,95,100,Gray,025f64.png,,,Crew,
#025F64,#026B90,FF,2,107,144,Blue,026b90.png,,,Crew,
#03020A,#03022E,FF,3,2,46,Blue,03022e.png,,,Crew,
#033C2D,#034C58,FF,3,76,88,Gray,034c58.png,,,Crew,
#040401,#040716,FF,4,7,22,Black,040716.png,,,Crew,
#04071A,#040925,FF,4,9,37,Black,040925.png,,,Crew,
#040925,#040A14,FF,4,10,20,Black,040a14.png,,,Crew,
#042C34,#043362,FF,4,51,98,Blue,043362.png,,,Crew,
#050712,#050721,FF,5,7,33,Black,050721.png,,,Crew,
#050821,#051151,FF,5,17,81,Blue,051151.png,,,Crew,
#05140E,#051A23,FF,5,26,35,Black,051a23.png,,,Crew,
#051D20,#052329,FF,5,35,41,Gray,052329.png,,,Crew,
#052329,#052534,FF,5,37,52,Gray,052534.png,,,Crew,
#052534,#052807,FF,5,40,7,Gray,052807.png,,,Crew,
#060A15,#060C30,FF,6,12,48,Blue,060c30.png,,,Crew,
#060C30,#060C34,FF,6,12,52,Blue,060c34.png,,,Crew,
#060C34,#060D21,FF,6,13,33,Black,060d21.png,,,Crew,
#060D21,#060F03,FF,6,15,3,Black,060f03.png,,,Crew,
#061510,#061C34,FF,6,28,52,Blue,061c34.png,,,Crew,
#06441D,#070021,FF,7,0,33,Black,070021.png,,,Crew,
#070318,#07073F,FF,7,7,63,Blue,07073f.png,,,Crew,
#070B18,#070C17,FF,7,12,23,Black,070c17.png,,,Crew,
#070C24,#071227,FF,7,18,39,Black,071227.png,,,Crew,
#071227,#07181A,FF,7,24,26,Black,07181a.png,,,Crew,
#07181A,#071C7E,FF,7,28,126,Blue,071c7e.png,,,Crew,
#073C2F,#073E45,FF,7,62,69,Gray,073e45.png,,,Crew,
#073E45,#074397,FF,7,67,151,Blue,074397.png,,,Crew,
#080000,#08091A,FF,8,9,26,Black,08091a.png,,,Crew,
#08091A,#080F27,FF,8,15,39,Black,080f27.png,,,Crew,
#080F27,#081126,FF,8,17,38,Black,081126.png,,,Crew,
#081126,#081432,FF,8,20,50,Blue,081432.png,,,Crew,
#081432,#081832,FF,8,24,50,Blue,081832.png,,,Crew,
#081832,#081936,FF,8,25,54,Blue,081936.png,,,Crew,
#081A21,#081C2C,FF,8,28,44,Gray,081c2c.png,,,Crew,
#082D23,#083E59,FF,8,62,89,Blue,083e59.png,,,Crew,
#0A1410,#0A1E1C,FF,10,30,28,Black,0a1e1c.png,,,Crew,
#0A1E38,#0A1E97,FF,10,30,151,Blue,0a1e97.png,,,Crew,
#0A2E14,#0A2F8C,FF,10,47,140,Blue,0a2f8c.png,,,Crew,
#0A3C50,#0A504E,FF,10,80,78,Gray,0a504e.png,,,Crew,
#0B0319,#0B0324,FF,11,3,36,Black,0b0324.png,,,Crew,
#0B0324,#0B0609,FF,11,6,9,Black,0b0609.png,,,Crew,
#0B0C22,#0B1211,FF,11,18,17,Black,0b1211.png,,,Crew,
#0B307E,#0B5135,FF,11,81,53,Green,0b5135.png,,,Crew,
#0C0A09,#0C0C0C,FF,12,12,12,Black,0c0c0c.png,,,Crew,
#0C5A26,#0D0F15,FF,13,15,21,Black,0d0f15.png,,,Crew,
#0D140B,#0D1519,FF,13,21,25,Black,0d1519.png,,,Crew,
#0D1A00,#0D1D58,FF,13,29,88,Blue,0d1d58.png,,,Crew,
#0D5525,#0D807C,FF,13,128,124,Gray,0d807c.png,,,Crew,
#0D807C,#0E0C0F,FF,14,12,15,Black,0e0c0f.png,,,Crew,
#0E1916,#0E1919,FF,14,25,25,Black,0e1919.png,,,Crew,
#0E582E,#0F0419,FF,15,4,25,Black,0f0419.png,,,Crew,
#0F0419,#0F0834,FF,15,8,52,Blue,0f0834.png,,,Crew,
#0F0834,#0F150F,FF,15,21,15,Black,0f150f.png,,,Crew,
#0F1E22,#0F2724,FF,15,39,36,Black,0f2724.png,,,Crew,
#0F2724,#0F3223,FF,15,50,35,Gray,0f3223.png,,,Crew,
#100507,#10062E,FF,16,6,46,Blue,10062e.png,,,Crew,
#101216,#101527,FF,16,21,39,Black,101527.png,,,Crew,
#101527,#104D89,FF,16,77,137,Blue,104d89.png,,,Crew,
#104D89,#110320,FF,17,3,32,Black,110320.png,,,Crew,
#110E10,#110F61,FF,17,15,97,Blue,110f61.png,,,Crew,
#111C0E,#111C1C,FF,17,28,28,Black,111c1c.png,,,Crew,
#111D37,#11253A,FF,17,37,58,Blue,11253a.png,,,Crew,
#11253A,#1143D9,FF,17,67,217,Blue,1143d9.png,,,Crew,
#12070E,#120817,FF,18,8,23,Black,120817.png,,,Crew,
#120817,#120A29,FF,18,10,41,Gray,120a29.png,,,Crew,
#120F2D,#121015,FF,18,16,21,Black,121015.png,,,Crew,
#121205,#12224E,FF,18,34,78,Blue,12224e.png,,,Crew,
#12254C,#12268A,FF,18,38,138,Blue,12268a.png,,,Crew,
#12268A,#124071,FF,18,64,113,Blue,124071.png,,,Crew,
#124071,#124D2E,FF,18,77,46,Green,124d2e.png,,,Crew,
#124D2E,#13004C,FF,19,0,76,Blue,13004c.png,,,Crew,
#130406,#13070F,FF,19,7,15,Black,13070f.png,,,Crew,
#13070F,#130B0A,FF,19,11,10,Black,130b0a.png,,,Crew,
#130C14,#131E19,FF,19,30,25,Black,131e19.png,,,Crew,
#131E19,#13201E,FF,19,32,30,Black,13201e.png,,,Crew,
#13201E,#140008,FF,20,0,8,Black,140008.png,,,Crew,
#141920,#141921,FF,20,25,33,Black,141921.png,,,Crew,
#141921,#141E2E,FF,20,30,46,Gray,141e2e.png,,,Crew,
#141E2E,#141E34,FF,20,30,52,Gray,141e34.png,,,Crew,
#152A30,#15351D,FF,21,53,29,Gray,15351d.png,,,Crew,
#155F90,#15B298,FF,21,178,152,Green,15b298.png,,,Crew,
#160C19,#16161B,FF,22,22,27,Black,16161b.png,,,Crew,
#16161B,#16261C,FF,22,38,28,Black,16261c.png,,,Crew,
#171311,#171717,FF,23,23,23,Black,171717.png,,,Crew,
#171B1C,#173824,FF,23,56,36,Gray,173824.png,,,Crew,
#17383B,#17829E,FF,23,130,158,Blue,17829e.png,,,Crew,
#180005,#180A1F,FF,24,10,31,Black,180a1f.png,,,Crew,
#181E20,#184810,FF,24,72,16,Green,184810.png,,,Crew,
#184810,#1853C0,FF,24,83,192,Blue,1853c0.png,,,Crew,
#19080B,#190824,FF,25,8,36,Black,190824.png,,,Crew,
#190824,#190949,FF,25,9,73,Blue,190949.png,,,Crew,
#191D44,#191F14,FF,25,31,20,Black,191f14.png,,,Crew,
#192343,#193617,FF,25,54,23,Gray,193617.png,,,Crew,
#193617,#194252,FF,25,66,82,Gray,194252.png,,,Crew,
#194252,#194918,FF,25,73,24,Green,194918.png,,,Crew,
#194918,#197366,FF,25,115,102,Cyan,197366.png,,,Crew,
#1A0520,#1A150F,FF,26,21,15,Black,1a150f.png,,,Crew,
#1A150F,#1A161C,FF,26,22,28,Black,1a161c.png,,,Crew,
#1A1F14,#1A2433,FF,26,36,51,Gray,1a2433.png,,,Crew,
#1A2433,#1A2A27,FF,26,42,39,Gray,1a2a27.png,,,Crew,
#1A2A27,#1A3132,FF,26,49,50,Gray,1a3132.png,,,Crew,
#1A3132,#1A3218,FF,26,50,24,Gray,1a3218.png,,,Crew,
#1A3218,#1A3251,FF,26,50,81,Blue,1a3251.png,,,Crew,
#1A64A3,#1A6605,FF,26,102,5,Green,1a6605.png,,,Crew,
#1B3D31,#1B4970,FF,27,73,112,Blue,1b4970.png,,,Crew,
#1C0206,#1C040A,FF,28,4,10,Black,1c040a.png,,,Crew,
#1C040A,#1C0523,FF,28,5,35,Black,1c0523.png,,,Crew,
#1C0523,#1C0C03,FF,28,12,3,Black,1c0c03.png,,,Crew,
#1C1E21,#1C1E9B,FF,28,30,155,Blue,1c1e9b.png,,,Crew,
#1D1D16,#1D2126,FF,29,33,38,Black,1d2126.png,,,Crew,
#1D2635,#1D274C,FF,29,39,76,Blue,1d274c.png,,,Crew,
#1D2A3E,#1D3161,FF,29,49,97,Blue,1d3161.png,,,Crew,
#1D421E,#1D4923,FF,29,73,35,Green,1d4923.png,,,Crew,
#1D4923,#1D4933,FF,29,73,51,Green,1d4933.png,,,Crew,
#1E3B55,#1E3F60,FF,30,63,96,Blue,1e3f60.png,,,Crew,
#1E4340,#1F0F25,FF,31,15,37,Black,1f0f25.png,,,Crew,
#1F1C1B,#1F2018,FF,31,32,24,Black,1f2018.png,,,Crew,
#1F2819,#1F2B2E,FF,31,43,46,Gray,1f2b2e.png,,,Crew,
#1F2F3E,#1F3270,FF,31,50,112,Blue,1f3270.png,,,Crew,
#1F3270,#1F3A51,FF,31,58,81,Blue,1f3a51.png,,,Crew,
#1F3A51,#1F7F17,FF,31,127,23,Green,1f7f17.png,,,Crew,
#1F7F17,#200D12,FF,32,13,18,Black,200d12.png,,,Crew,
#200D12,#20154D,FF,32,21,77,Blue,20154d.png,,,Crew,
#20154D,#20252B,FF,32,37,43,Gray,20252b.png,,,Crew,
#20252B,#202920,FF,32,41,32,Gray,202920.png,,,Crew,
#20304B,#207718,FF,32,119,24,Green,207718.png,,,Crew,
#210008,#21004C,FF,33,0,76,Blue,21004c.png,,,Crew,
#212F1E,#21321B,FF,33,50,27,Gray,21321b.png,,,Crew,
#21321B,#213220,FF,33,50,32,Gray,213220.png,,,Crew,
#213336,#213A30,FF,33,58,48,Gray,213a30.png,,,Crew,
#222B4B,#222C78,FF,34,44,120,Blue,222c78.png,,,Crew,
#22325C,#223340,FF,34,51,64,Gray,223340.png,,,Crew,
#22426C,#224C40,FF,34,76,64,Cyan,224c40.png,,,Crew,
#225268,#225AB4,FF,34,90,180,Blue,225ab4.png,,,Crew,
#225AB4,#231F1F,FF,35,31,31,Black,231f1f.png,,,Crew,
#231F1F,#232E23,FF,35,46,35,Gray,232e23.png,,,Crew,
#23907D,#24000D,FF,36,0,13,Black,24000d.png,,,Crew,
#24000D,#240100,FF,36,1,0,Black,240100.png,,,Crew,
#240510,#240F10,FF,36,15,16,Black,240f10.png,,,Crew,
#241515,#242326,FF,36,35,38,Black,242326.png,,,Crew,
#242326,#24241C,FF,36,36,28,Black,24241c.png,,,Crew,
#24241C,#242D09,FF,36,45,9,Gray,242d09.png,,,Crew,
#243349,#245957,FF,36,89,87,Gray,245957.png,,,Crew,
#24601B,#248C52,FF,36,140,82,Green,248c52.png,,,Crew,
#250B28,#251F2D,FF,37,31,45,Gray,251f2d.png,,,Crew,
#251F2D,#252027,FF,37,32,39,Black,252027.png,,,Crew,
#252027,#252730,FF,37,39,48,Gray,252730.png,,,Crew,
#252730,#25294B,FF,37,41,75,Gray,25294b.png,,,Crew,
#25294B,#252A6E,FF,37,42,110,Blue,252a6e.png,,,Crew,
#252B3C,#253D5D,FF,37,61,93,Blue,253d5d.png,,,Crew,
#253D5D,#254636,FF,37,70,54,Gray,254636.png,,,Crew,
#263236,#26331F,FF,38,51,31,Gray,26331f.png,,,Crew,
#27146D,#27203B,FF,39,32,59,Gray,27203b.png,,,Crew,
#276B92,#282B2C,FF,40,43,44,Gray,282b2c.png,,,Crew,
#282B2C,#282C33,FF,40,44,51,Gray,282c33.png,,,Crew,
#283343,#283438,FF,40,52,56,Gray,283438.png,,,Crew,
#283438,#283534,FF,40,53,52,Gray,283534.png,,,Crew,
#283534,#28417C,FF,40,65,124,Blue,28417c.png,,,Crew,
#290000,#29042B,FF,41,4,43,Gray,29042b.png,,,Crew,
#29070C,#291650,FF,41,22,80,Blue,291650.png,,,Crew,
#292F31,#293A3D,FF,41,58,61,Gray,293a3d.png,,,Crew,
#293A3D,#294999,FF,41,73,153,Blue,294999.png,,,Crew,
#2A224F,#2A2B63,FF,42,43,99,Blue,2a2b63.png,,,Crew,
#2A343B,#2A374C,FF,42,55,76,Gray,2a374c.png,,,Crew,
#2A3B46,#2A3C1E,FF,42,60,30,Gray,2a3c1e.png,,,Crew,
#2B000E,#2B0B14,FF,43,11,20,Gray,2b0b14.png,,,Crew,
#2B391F,#2B4049,FF,43,64,73,Gray,2b4049.png,,,Crew,
#2C435F,#2C7364,FF,44,115,100,Cyan,2c7364.png,,,Crew,
#2D2239,#2D2A12,FF,45,42,18,Gray,2d2a12.png,,,Crew,
#2E020C,#2E0310,FF,46,3,16,Pink,2e0310.png,,,Crew,
#2E0310,#2E0514,FF,46,5,20,Pink,2e0514.png,,,Crew,
#2E1E14,#2E2E2E,FF,46,46,46,Gray,2e2e2e.png,,,Crew,
#2E3228,#2E3B49,FF,46,59,73,Gray,2e3b49.png,,,Crew,
#2E3B49,#2E3F64,FF,46,63,100,Blue,2e3f64.png,,,Crew,
#2E4652,#2E4968,FF,46,73,104,Blue,2e4968.png,,,Crew,
#2E4968,#2E5234,FF,46,82,52,Gray,2e5234.png,,,Crew,
#2EB92A,#2F0709,FF,47,7,9,Red,2f0709.png,,,Crew,
#2F3B32,#2F3D3E,FF,47,61,62,Gray,2f3d3e.png,,,Crew,
#2F3D3E,#2F3E5E,FF,47,62,94,Blue,2f3e5e.png,,,Crew,
#2F405F,#2F4141,FF,47,65,65,Gray,2f4141.png,,,Crew,
#2F4141,#2F4B2E,FF,47,75,46,Gray,2f4b2e.png,,,Crew,
#2F4B2E,#30050A,FF,48,5,10,Red,30050a.png,,,Crew,
#301517,#302403,FF,48,36,3,Yellow,302403.png,,,Crew,
#302403,#303030,FF,48,48,48,Gray,303030.png,,,Crew,
#303030,#303338,FF,48,51,56,Gray,303338.png,,,Crew,
#303338,#306020,FF,48,96,32,Green,306020.png,,,Crew,
#312E31,#31353D,FF,49,53,61,Gray,31353d.png,,,Crew,
#314230,#314263,FF,49,66,99,Blue,314263.png,,,Crew,
#315E5A,#317F43,FF,49,127,67,Green,317f43.png,,,Crew,
#320606,#32341A,FF,50,52,26,Gray,32341a.png,,,Crew,
#33001C,#332268,FF,51,34,104,Blue,332268.png,,,Crew,
#332268,#33331A,FF,51,51,26,Gray,33331a.png,,,Crew,
#33331A,#333A42,FF,51,58,66,Gray,333a42.png,,,Crew,
#333C27,#334342,FF,51,67,66,Gray,334342.png,,,Crew,
#334342,#334766,FF,51,71,102,Blue,334766.png,,,Crew,
#343750,#34460A,FF,52,70,10,Gray,34460a.png,,,Crew,
#34460A,#344974,FF,52,73,116,Blue,344974.png,,,Crew,
#350918,#350920,FF,53,9,32,Pink,350920.png,,,Crew,
#350920,#35130F,FF,53,19,15,Gray,35130f.png,,,Crew,
#35130F,#353A44,FF,53,58,68,Gray,353a44.png,,,Crew,
#353A4A,#353E4C,FF,53,62,76,Gray,353e4c.png,,,Crew,
#35413D,#354F64,FF,53,79,100,Blue,354f64.png,,,Crew,
#361A0D,#362A17,FF,54,42,23,Gray,362a17.png,,,Crew,
#363846,#36384C,FF,54,56,76,Gray,36384c.png,,,Crew,
#36384C,#363D16,FF,54,61,22,Gray,363d16.png,,,Crew,
#363D16,#36421A,FF,54,66,26,Gray,36421a.png,,,Crew,
#364241,#36435E,FF,54,67,94,Blue,36435e.png,,,Crew,
#36504A,#36506B,FF,54,80,107,Blue,36506b.png,,,Crew,
#36589A,#372F33,FF,55,47,51,Gray,372f33.png,,,Crew,
#372F33,#380000,FF,56,0,0,Red,380000.png,,,Crew,
#380000,#381100,FF,56,17,0,Brown,381100.png,,,Crew,
#38352E,#383C4E,FF,56,60,78,Gray,383c4e.png,,,Crew,
#383C4E,#384737,FF,56,71,55,Gray,384737.png,,,Crew,
#39392B,#393E44,FF,57,62,68,Gray,393e44.png,,,Crew,
#394418,#395759,FF,57,87,89,Gray,395759.png,,,Crew,
#395983,#39801D,FF,57,128,29,Green,39801d.png,,,Crew,
#3A0006,#3A2619,FF,58,38,25,Gray,3a2619.png,,,Crew,
#3A2619,#3A393E,FF,58,57,62,Gray,3a393e.png,,,Crew,
#3A3F44,#3A3F49,FF,58,63,73,Gray,3a3f49.png,,,Crew,
#3A7D23,#3B1E0C,FF,59,30,12,Brown,3b1e0c.png,,,Crew,
#3B2A2D,#3B355A,FF,59,53,90,Gray,3b355a.png,,,Crew,
#3B5580,#3B6C81,FF,59,108,129,Blue,3b6c81.png,,,Crew,
#3B6C81,#3C000C,FF,60,0,12,Pink,3c000c.png,,,Crew,
#3C000C,#3C0F1A,FF,60,15,26,Pink,3c0f1a.png,,,Crew,
#3C4247,#3C4652,FF,60,70,82,Gray,3c4652.png,,,Crew,
#3C4652,#3C5C00,FF,60,92,0,Green,3c5c00.png,,,Crew,
#3C5C00,#3C63B0,FF,60,99,176,Blue,3c63b0.png,,,Crew,
#3C96CA,#3D0008,FF,61,0,8,Red,3d0008.png,,,Crew,
#3D0009,#3D0015,FF,61,0,21,Pink,3d0015.png,,,Crew,
#3D0015,#3D0C04,FF,61,12,4,Red,3d0c04.png,,,Crew,
#3D4E22,#3D5A97,FF,61,90,151,Blue,3d5a97.png,,,Crew,
#3D5A97,#3E211B,FF,62,33,27,Gray,3e211b.png,,,Crew,
#3E4D2F,#3E4E3A,FF,62,78,58,Gray,3e4e3a.png,,,Crew,
#3E4E3A,#3F434D,FF,63,67,77,Gray,3f434d.png,,,Crew,
#400608,#401C11,FF,64,28,17,Brown,401c11.png,,,Crew,
#401C11,#403719,FF,64,55,25,Gray,403719.png,,,Crew,
#404950,#410002,FF,65,0,2,Red,410002.png,,,Crew,
#410002,#41000B,FF,65,0,11,Pink,41000b.png,,,Crew,
#41000B,#410304,FF,65,3,4,Red,410304.png,,,Crew,
#410409,#411D11,FF,65,29,17,Brown,411d11.png,,,Crew,
#411D11,#413615,FF,65,54,21,Yellow,413615.png,,,Crew,
#413615,#413F3F,FF,65,63,63,Gray,413f3f.png,,,Crew,
#414221,#420807,FF,66,8,7,Red,420807.png,,,Crew,
#426938,#430B25,FF,67,11,37,Pink,430b25.png,,,Crew,
#430B25,#433838,FF,67,56,56,Gray,433838.png,,,Crew,
#433838,#434385,FF,67,67,133,Blue,434385.png,,,Crew,
#434A42,#436FC4,FF,67,111,196,Blue,436fc4.png,,,Crew,
#443838,#443D3B,FF,68,61,59,Gray,443d3b.png,,,Crew,
#444D3A,#445060,FF,68,80,96,Gray,445060.png,,,Crew,
#445060,#448511,FF,68,133,17,Green,448511.png,,,Crew,
#448511,#44900A,FF,68,144,10,Green,44900a.png,,,Crew,
#450309,#451133,FF,69,17,51,Purple,451133.png,,,Crew,
#451133,#453B22,FF,69,59,34,Gray,453b22.png,,,Crew,
#462D0D,#464342,FF,70,67,66,Gray,464342.png,,,Crew,
#464D5A,#465D60,FF,70,93,96,Gray,465d60.png,,,Crew,
#465D60,#467F71,FF,70,127,113,Cyan,467f71.png,,,Crew,
#474343,#474A50,FF,71,74,80,Gray,474a50.png,,,Crew,
#474A50,#475450,FF,71,84,80,Gray,475450.png,,,Crew,
#475450,#476906,FF,71,105,6,Green,476906.png,,,Crew,
#485B61,#48701F,FF,72,112,31,Green,48701f.png,,,Crew,
#4A1604,#4A220C,FF,74,34,12,Brown,4a220c.png,,,Crew,
#4B77AC,#4C020C,FF,76,2,12,Red,4c020c.png,,,Crew,
#4C250D,#4C3C1E,FF,76,60,30,Yellow,4c3c1e.png,,,Crew,
#4C403F,#4C525B,FF,76,82,91,Gray,4c525b.png,,,Crew,
#4C680B,#4D0707,FF,77,7,7,Red,4d0707.png,,,Crew,
#4D1400,#4D403D,FF,77,64,61,Gray,4d403d.png,,,Crew,
#4D403D,#4D4D4C,FF,77,77,76,Gray,4d4d4c.png,,,Crew,
#4D4D4C,#4D665F,FF,77,102,95,Gray,4d665f.png,,,Crew,
#4D6E87,#4E2F07,FF,78,47,7,Brown,4e2f07.png,,,Crew,
#4E3C41,#4E5459,FF,78,84,89,Gray,4e5459.png,,,Crew,
#4F5963,#4FB228,FF,79,178,40,Green,4fb228.png,,,Crew,
#501314,#502855,FF,80,40,85,Gray,502855.png,,,Crew,
#502855,#503437,FF,80,52,55,Gray,503437.png,,,Crew,
#503437,#503942,FF,80,57,66,Gray,503942.png,,,Crew,
#506F78,#520000,FF,82,0,0,Red,520000.png,,,Crew,
#520000,#520013,FF,82,0,19,Pink,520013.png,,,Crew,
#520400,#524A26,FF,82,74,38,Gray,524a26.png,,,Crew,
#524A26,#529D10,FF,82,157,16,Green,529d10.png,,,Crew,
#53250E,#535C6A,FF,83,92,106,Gray,535c6a.png,,,Crew,
#535C6A,#538AF5,FF,83,138,245,Blue,538af5.png,,,Crew,
#544716,#54565F,FF,84,86,95,Gray,54565f.png,,,Crew,
#54565F,#545C64,FF,84,92,100,Gray,545c64.png,,,Crew,
#545C64,#546EAB,FF,84,110,171,Blue,546eab.png,,,Crew,
#547B8C,#549977,FF,84,153,119,Green,549977.png,,,Crew,
#551A1A,#553A43,FF,85,58,67,Gray,553a43.png,,,Crew,
#55637E,#556633,FF,85,102,51,Gray,556633.png,,,Crew,
#562920,#564200,FF,86,66,0,Yellow,564200.png,,,Crew,
#564938,#566A0E,FF,86,106,14,Gray,566a0e.png,,,Crew,
#571000,#57202D,FF,87,32,45,Pink,57202d.png,,,Crew,
#57202D,#573D52,FF,87,61,82,Gray,573d52.png,,,Crew,
#573D52,#575249,FF,87,82,73,Gray,575249.png,,,Crew,
#584845,#587494,FF,88,116,148,Blue,587494.png,,,Crew,
#587494,#587BAD,FF,88,123,173,Blue,587bad.png,,,Crew,
#587BAD,#5881BB,FF,88,129,187,Blue,5881bb.png,,,Crew,
#594D4B,#594F48,FF,89,79,72,Gray,594f48.png,,,Crew,
#5A212C,#5A3526,FF,90,53,38,Brown,5a3526.png,,,Crew,
#5A3C46,#5A3D11,FF,90,61,17,Brown,5a3d11.png,,,Crew,
#5A3D11,#5A4B48,FF,90,75,72,Gray,5a4b48.png,,,Crew,
#5A4B48,#5A5B5C,FF,90,91,92,Gray,5a5b5c.png,,,Crew,
#5A5B5C,#5A6624,FF,90,102,36,Gray,5a6624.png,,,Crew,
#5A78A6,#5A98EC,FF,90,152,236,Blue,5a98ec.png,,,Crew,
#5B3613,#5B798C,FF,91,121,140,Gray,5b798c.png,,,Crew,
#5B8074,#5C2E00,FF,92,46,0,Brown,5c2e00.png,,,Crew,
#5C2E00,#5C5043,FF,92,80,67,Gray,5c5043.png,,,Crew,
#5C5043,#5C5540,FF,92,85,64,Gray,5c5540.png,,,Crew,
#5C5B59,#5C606C,FF,92,96,108,Gray,5c606c.png,,,Crew,
#5D5C57,#5E000E,FF,94,0,14,Pink,5e000e.png,,,Crew,
#5E6276,#5E8C23,FF,94,140,35,Green,5e8c23.png,,,Crew,
#5F010B,#5F330D,FF,95,51,13,Brown,5f330d.png,,,Crew,
#5F330D,#5F4429,FF,95,68,41,Brown,5f4429.png,,,Crew,
#5F4E1A,#5F5C56,FF,95,92,86,Gray,5f5c56.png,,,Crew,
#5F5C56,#5F7362,FF,95,115,98,Gray,5f7362.png,,,Crew,
#60626C,#606A70,FF,96,106,112,Gray,606a70.png,,,Crew,
#606A70,#606E91,FF,96,110,145,Blue,606e91.png,,,Crew,
#608431,#610514,FF,97,5,20,Pink,610514.png,,,Crew,
#615AAF,#617059,FF,97,112,89,Gray,617059.png,,,Crew,
#617059,#62030F,FF,98,3,15,Pink,62030f.png,,,Crew,
#62030F,#62381D,FF,98,56,29,Brown,62381d.png,,,Crew,
#62381D,#624E50,FF,98,78,80,Gray,624e50.png,,,Crew,
#624E50,#628B72,FF,98,139,114,Green,628b72.png,,,Crew,
#630E03,#634A5E,FF,99,74,94,Gray,634a5e.png,,,Crew,
#63625D,#640F0F,FF,100,15,15,Red,640f0f.png,,,Crew,
#64600F,#646E68,FF,100,110,104,Gray,646e68.png,,,Crew,
#646E68,#654C52,FF,101,76,82,Gray,654c52.png,,,Crew,
#654C52,#656036,FF,101,96,54,Gray,656036.png,,,Crew,
#656036,#656E7A,FF,101,110,122,Gray,656e7a.png,,,Crew,
#656E7A,#66032C,FF,102,3,44,Pink,66032c.png,,,Crew,
#66585E,#680208,FF,104,2,8,Red,680208.png,,,Crew,
#69641A,#69971E,FF,105,151,30,Green,69971e.png,,,Crew,
#6A0B0B,#6AD3A6,FF,106,211,166,Green,6ad3a6.png,,,Crew,
#6C6C95,#6C7187,FF,108,113,135,Gray,6c7187.png,,,Crew,
#6C7187,#6D7139,FF,109,113,57,Gray,6d7139.png,,,Crew,
#6D7139,#6D9E32,FF,109,158,50,Green,6d9e32.png,,,Crew,
#6E413C,#6E6166,FF,110,97,102,Gray,6e6166.png,,,Crew,
#6E6166,#6E7070,FF,110,112,112,Gray,6e7070.png,,,Crew,
#6E7070,#6EAB38,FF,110,171,56,Green,6eab38.png,,,Crew,
#6F7680,#6F7D9B,FF,111,125,155,Blue,6f7d9b.png,,,Crew,
#6F7D9B,#708D9C,FF,112,141,156,Gray,708d9c.png,,,Crew,
#726202,#73043A,FF,115,4,58,Pink,73043a.png,,,Crew,
#73080F,#73161C,FF,115,22,28,Red,73161c.png,,,Crew,
#733614,#740279,FF,116,2,121,Gray,740279.png,,,Crew,
#747886,#750502,FF,117,5,2,Red,750502.png,,,Crew,
#750502,#75766F,FF,117,118,111,Gray,75766f.png,,,Crew,
#75766F,#762439,FF,118,36,57,Pink,762439.png,,,Crew,
#773A06,#780502,FF,120,5,2,Red,780502.png,,,Crew,
#7A2215,#7A555F,FF,122,85,95,Gray,7a555f.png,,,Crew,
#7A555F,#7A776A,FF,122,119,106,Gray,7a776a.png,,,Crew,
#7A776A,#7B8B9A,FF,123,139,154,Gray,7b8b9a.png,,,Crew,
#7C7B7B,#7D2A0E,FF,125,42,14,Red,7d2a0e.png,,,Crew,
#7D2A0E,#7D4956,FF,125,73,86,Pink,7d4956.png,,,Crew,
#7E0905,#7F0000,FF,127,0,0,Red,7f0000.png,,,Crew,
#7F5B3F,#7F723D,FF,127,114,61,Yellow,7f723d.png,,,Crew,
#824131,#827323,FF,130,115,35,Yellow,827323.png,,,Crew,
#844E02,#852F0A,FF,133,47,10,Red,852f0a.png,,,Crew,
#852F0A,#855473,FF,133,84,115,Purple,855473.png,,,Crew,
#855473,#861615,FF,134,22,21,Red,861615.png,,,Crew,
#872808,#876749,FF,135,103,73,Red,876749.png,,,Crew,
#896A23,#899505,FF,137,149,5,Gray,899505.png,,,Crew,
#899505,#8A033B,FF,138,3,59,Pink,8a033b.png,,,Crew,
#8A4A00,#8B2F6B,FF,139,47,107,Pink,8b2f6b.png,,,Crew,
#8B5F03,#8B6600,FF,139,102,0,Red,8b6600.png,,,Crew,
#8B6600,#8C0311,FF,140,3,17,Pink,8c0311.png,,,Crew,
#8C180D,#8D0F00,FF,141,15,0,Red,8d0f00.png,,,Crew,
#8D0F00,#8D2A11,FF,141,42,17,Red,8d2a11.png,,,Crew,
#8D2A11,#8D5F16,FF,141,95,22,Red,8d5f16.png,,,Crew,
#8D7136,#8D90A1,FF,141,144,161,Gray,8d90a1.png,,,Crew,
#93712F,#94724F,FF,148,114,79,Red,94724f.png,,,Crew,
#9A1F00,#9B1E04,FF,155,30,4,Red,9b1e04.png,,,Crew,
#9B1E04,#9B2720,FF,155,39,32,Red,9b2720.png,,,Crew,
#9C6750,#9CA7BE,FF,156,167,190,Gray,9ca7be.png,,,Crew,
#9D6D04,#9DCFB7,FF,157,207,183,Green,9dcfb7.png,,,Crew,
#9F4E27,#A02700,FF,160,39,0,Red,a02700.png,,,Crew,
#A31C00,#A3706C,FF,163,112,108,Red,a3706c.png,,,Crew,
#A3706C,#A3A2A2,FF,163,162,162,Gray,a3a2a2.png,,,Crew,
#A3BE98,#A40000,FF,164,0,0,Red,a40000.png,,,Crew,
#A40000,#A43131,FF,164,49,49,Red,a43131.png,,,Crew,
#AA8000,#AA8A05,FF,170,138,5,Red,aa8a05.png,,,Crew,
#AA8F3B,#AB3303,FF,171,51,3,Red,ab3303.png,,,Crew,
#AB990C,#AC9C57,FF,172,156,87,Yellow,ac9c57.png,,,Crew,
#AE7223,#AEA05B,FF,174,160,91,Yellow,aea05b.png,,,Crew,
#AEA05B,#AEBA37,FF,174,186,55,Gray,aeba37.png,,,Crew,
#AEBA37,#AF2012,FF,175,32,18,Red,af2012.png,,,Crew,
#AF9121,#AFA050,FF,175,160,80,Yellow,afa050.png,,,Crew,
#B00307,#B08B1A,FF,176,139,26,Red,b08b1a.png,,,Crew,
#B08B1A,#B2230E,FF,178,35,14,Red,b2230e.png,,,Crew,
#B2551C,#B26500,FF,178,101,0,Red,b26500.png,,,Crew,
#B3B16F,#B59C36,FF,181,156,54,Red,b59c36.png,,,Crew,
#BFB424,#BFB477,FF,191,180,119,Yellow,bfb477.png,,,Crew,
#CB9421,#CC001A,FF,204,0,26,Pink,cc001a.png,,,Crew,
#DA8A0F,#DC2602,FF,220,38,2,Red,dc2602.png,,,Crew,
#E56799,#E57200,FF,229,114,0,Red,e57200.png,,,Crew,
#FF2E00,#FF3729,FF,255,55,41,Red,ff3729.png,,,Crew,
#FF9905,#FF9D00,FF,255,157,0,Red,ff9d00.png,,,Crew,
